Time (s);Altitude (m);Accel (m/s2)
-3.000;1401.35;-1.46
-2.980;1401.28;-0.88
-2.960;1399.88;-0.60
-2.940;1401.17;-0.76
-2.920;1401.43;0.25
-2.900;1401.09;0.91
-2.880;1400.55;0.03
-2.860;1401.69;-0.52
-2.840;1400.16;-0.50
-2.820;1400.88;-0.66
-2.800;1401.69;1.07
-2.780;1400.46;0.03
-2.760;1400.89;1.44
-2.740;1401.42;0.25
-2.720;1400.90;1.40
-2.700;1400.93;0.22
-2.680;1401.28;-0.05
-2.660;1400.57;-1.15
-2.640;1400.46;-0.55
-2.620;1400.00;0.78
-2.600;1401.34;-0.23
-2.580;1401.09;0.54
-2.560;1401.11;-0.77
-2.540;1401.84;-1.65
-2.520;1400.40;0.11
-2.500;1401.53;1.86
-2.480;1400.98;-0.17
-2.460;1401.37;-0.62
-2.440;1400.73;-0.94
-2.420;1400.84;1.24
-2.400;1401.61;0.74
-2.380;1401.04;0.80
-2.360;1401.43;1.09
-2.340;1401.77;-1.80
-2.320;1400.86;-0.41
-2.300;1401.64;0.18
-2.280;1401.45;-0.02
-2.260;1400.86;0.85
-2.240;1402.47;-0.23
-2.220;1400.33;-1.25
-2.200;1402.00;-0.10
-2.180;1400.39;1.37
-2.160;1401.10;0.61
-2.140;1399.73;-0.03
-2.120;1401.20;-0.86
-2.100;1401.47;-0.86
-2.080;1401.17;-0.69
-2.060;1401.06;0.69
-2.040;1401.45;1.26
-2.020;1400.70;1.40
-2.000;1401.72;0.53
-1.980;1400.89;-0.43
-1.960;1401.26;-0.49
-1.940;1401.24;-1.04
-1.920;1400.34;-1.16
-1.900;1400.95;-1.62
-1.880;1400.66;0.60
-1.860;1401.36;-1.30
-1.840;1401.21;0.67
-1.820;1402.13;1.84
-1.800;1402.00;-0.53
-1.780;1401.59;0.97
-1.760;1401.84;-0.40
-1.740;1400.77;-1.16
-1.720;1402.08;0.37
-1.700;1401.21;0.04
-1.680;1401.48;0.10
-1.660;1400.99;-1.58
-1.640;1400.23;-0.07
-1.620;1400.03;0.59
-1.600;1400.99;-1.36
-1.580;1401.20;-0.09
-1.560;1400.42;0.49
-1.540;1399.22;-0.74
-1.520;1400.95;0.44
-1.500;1401.70;-0.36
-1.480;1401.83;-1.42
-1.460;1401.18;0.23
-1.440;1402.17;0.18
-1.420;1400.80;0.08
-1.400;1402.42;-1.13
-1.380;1401.19;-0.24
-1.360;1401.19;0.37
-1.340;1400.94;0.48
-1.320;1401.19;-0.17
-1.300;1401.07;-0.12
-1.280;1400.77;0.83
-1.260;1400.94;-0.75
-1.240;1401.80;0.13
-1.220;1400.99;-0.18
-1.200;1401.37;-1.20
-1.180;1401.66;-0.13
-1.160;1401.10;-0.09
-1.140;1401.94;-0.69
-1.120;1399.71;-0.19
-1.100;1401.04;-0.03
-1.080;1401.10;-0.25
-1.060;1401.10;-0.89
-1.040;1401.43;1.78
-1.020;1401.62;-0.14
-1.000;1400.68;-0.60
-0.980;1400.28;-0.05
-0.960;1401.19;0.09
-0.940;1400.98;1.00
-0.920;1402.09;0.44
-0.900;1401.26;2.16
-0.880;1401.46;-0.14
-0.860;1400.14;1.84
-0.840;1400.78;1.06
-0.820;1401.26;-1.57
-0.800;1400.52;0.05
-0.780;1401.42;1.21
-0.760;1401.48;-1.72
-0.740;1401.20;-0.08
-0.720;1402.11;0.72
-0.700;1401.42;-0.38
-0.680;1401.07;-0.50
-0.660;1401.13;0.57
-0.640;1400.46;0.40
-0.620;1401.56;0.57
-0.600;1400.66;-0.75
-0.580;1401.62;0.79
-0.560;1400.69;-0.62
-0.540;1400.78;0.13
-0.520;1401.24;0.78
-0.500;1401.74;1.65
-0.480;1400.11;0.27
-0.460;1401.04;-0.12
-0.440;1401.57;-1.41
-0.420;1400.78;-0.23
-0.400;1400.72;-1.88
-0.380;1401.91;-0.92
-0.360;1400.49;-0.07
-0.340;1401.05;0.06
-0.320;1402.03;0.17
-0.300;1400.60;-0.27
-0.280;1400.89;-1.51
-0.260;1401.56;-1.43
-0.240;1400.76;-1.31
-0.220;1399.95;1.41
-0.200;1402.33;-0.63
-0.180;1401.25;0.55
-0.160;1400.54;-0.12
-0.140;1400.78;-0.75
-0.120;1401.00;0.45
-0.100;1400.58;1.13
-0.080;1400.26;-0.49
-0.060;1401.08;0.05
-0.040;1400.89;0.49
-0.020;1401.39;1.20
0.010;1403.46;31.23
0.030;1402.09;163.45
0.050;1401.48;157.72
0.070;1402.73;153.17
0.090;1402.70;151.08
0.110;1401.90;149.19
0.130;1402.84;147.61
0.150;1404.01;144.69
0.170;1404.09;142.07
0.190;1405.09;141.90
0.210;1404.61;141.49
0.230;1407.19;138.94
0.250;1405.60;139.07
0.270;1406.62;137.91
0.290;1408.99;135.47
0.310;1407.41;135.55
0.330;1409.20;134.33
0.350;1409.27;133.75
0.370;1410.64;131.47
0.390;1412.77;132.03
0.410;1412.40;132.16
0.430;1414.67;130.36
0.450;1415.26;131.17
0.470;1417.15;129.11
0.490;1417.55;128.66
0.510;1419.08;128.20
0.530;1421.96;126.68
0.550;1423.36;126.05
0.570;1424.00;124.87
0.590;1425.98;125.08
0.610;1427.31;123.88
0.630;1429.13;122.46
0.650;1430.94;120.67
0.670;1433.15;121.09
0.690;1433.43;119.62
0.710;1436.82;119.10
0.730;1438.31;116.93
0.750;1439.19;114.92
0.770;1441.46;113.88
0.790;1443.84;114.11
0.810;1445.67;112.25
0.830;1448.13;109.75
0.850;1450.36;111.14
0.870;1453.02;107.46
0.890;1454.30;106.50
0.910;1457.15;103.90
0.930;1459.36;101.89
0.950;1461.91;102.04
0.970;1464.66;100.34
0.990;1465.77;99.57
1.010;1469.87;96.83
1.030;1471.58;95.51
1.050;1475.73;93.16
1.070;1477.26;90.32
1.090;1479.48;89.35
1.110;1483.50;89.08
1.130;1485.46;84.58
1.150;1488.56;81.65
1.170;1491.25;77.83
1.190;1492.88;73.43
1.210;1496.07;70.90
1.230;1500.02;65.26
1.250;1502.27;59.53
1.270;1505.39;50.22
1.290;1507.96;41.22
1.310;1509.92;34.84
1.330;1514.25;24.58
1.350;1517.07;13.80
1.370;1520.64;3.84
1.390;1523.48;-8.16
1.410;1525.59;-16.97
1.430;1528.71;-26.36
1.450;1531.83;-32.71
1.470;1534.70;-31.65
1.490;1537.99;-32.15
1.510;1540.32;-31.71
1.530;1544.14;-31.30
1.550;1548.24;-29.91
1.570;1549.06;-29.94
1.590;1553.38;-30.56
1.610;1555.24;-29.56
1.630;1559.94;-31.15
1.650;1560.54;-30.40
1.670;1564.66;-30.25
1.690;1565.98;-30.06
1.710;1568.67;-29.71
1.730;1572.51;-29.50
1.750;1576.50;-28.92
1.770;1577.74;-30.81
1.790;1580.07;-29.61
1.810;1583.18;-29.22
1.830;1586.62;-29.02
1.850;1588.11;-27.23
1.870;1591.15;-27.01
1.890;1594.88;-28.47
1.910;1596.87;-27.96
1.930;1600.08;-29.52
1.950;1601.93;-26.58
1.970;1605.37;-28.22
1.990;1607.75;-28.15
2.010;1609.69;-27.82
2.030;1612.62;-27.40
2.050;1614.98;-27.31
2.070;1618.19;-26.54
2.090;1621.21;-25.57
2.110;1623.58;-28.01
2.130;1625.80;-27.10
2.150;1628.74;-26.48
2.170;1631.28;-25.03
2.190;1634.09;-25.38
2.210;1636.26;-24.99
2.230;1637.96;-25.67
2.250;1641.06;-25.68
2.270;1643.62;-24.59
2.290;1645.57;-25.38
2.310;1647.56;-24.30
2.330;1650.80;-24.84
2.350;1653.35;-24.98
2.370;1655.95;-24.26
2.390;1658.67;-23.90
2.410;1660.09;-25.20
2.430;1662.72;-24.06
2.450;1666.34;-25.40
2.470;1668.07;-23.60
2.490;1671.00;-24.16
2.510;1673.36;-23.35
2.530;1675.84;-25.00
2.550;1678.18;-23.97
2.570;1680.76;-23.02
2.590;1682.79;-22.35
2.610;1685.24;-23.68
2.630;1687.00;-22.78
2.650;1689.52;-22.35
2.670;1691.84;-24.22
2.690;1693.87;-23.57
2.710;1696.23;-23.84
2.730;1698.42;-21.40
2.750;1701.24;-23.14
2.770;1703.68;-22.65
2.790;1705.24;-22.53
2.810;1707.06;-22.32
2.830;1708.87;-21.44
2.850;1711.77;-23.71
2.870;1714.85;-21.49
2.890;1716.61;-20.78
2.910;1717.37;-22.60
2.930;1720.92;-22.59
2.950;1723.37;-20.57
2.970;1725.96;-22.68
2.990;1726.76;-21.30
3.010;1729.18;-21.24
3.030;1731.91;-20.64
3.050;1733.86;-21.31
3.070;1736.56;-19.99
3.090;1738.34;-21.66
3.110;1740.05;-21.35
3.130;1742.48;-20.11
3.150;1744.15;-20.74
3.170;1746.16;-19.16
3.190;1749.21;-20.27
3.210;1751.76;-20.95
3.230;1753.68;-19.99
3.250;1755.29;-20.81
3.270;1757.80;-20.30
3.290;1759.43;-19.87
3.310;1760.23;-20.01
3.330;1762.71;-19.84
3.350;1764.90;-20.20
3.370;1767.03;-19.08
3.390;1769.96;-19.71
3.410;1771.34;-18.60
3.430;1773.50;-19.45
3.450;1775.44;-18.85
3.470;1776.44;-19.89
3.490;1779.19;-20.26
3.510;1781.30;-19.81
3.530;1782.37;-20.17
3.550;1784.93;-20.59
3.570;1786.87;-18.77
3.590;1789.02;-19.56
3.610;1792.08;-19.01
3.630;1792.77;-19.45
3.650;1795.51;-18.58
3.670;1797.75;-18.53
3.690;1798.47;-18.35
3.710;1799.98;-17.25
3.730;1801.13;-18.55
3.750;1803.90;-18.49
3.770;1805.15;-17.28
3.790;1806.92;-18.78
3.810;1808.55;-18.12
3.830;1811.36;-16.87
3.850;1813.05;-17.07
3.870;1814.58;-16.61
3.890;1815.94;-19.04
3.910;1818.68;-18.68
3.930;1820.26;-18.15
3.950;1823.26;-18.53
3.970;1823.48;-18.11
3.990;1825.68;-17.68
4.010;1827.21;-18.06
4.030;1829.01;-15.75
4.050;1832.14;-18.63
4.070;1833.99;-17.05
4.090;1834.79;-17.11
4.110;1836.54;-17.32
4.130;1836.93;-16.91
4.150;1837.95;-17.30
4.170;1841.22;-17.51
4.190;1843.02;-17.12
4.210;1846.01;-16.67
4.230;1846.90;-15.90
4.250;1847.96;-17.22
4.270;1849.87;-16.13
4.290;1851.86;-16.06
4.310;1853.97;-16.14
4.330;1855.57;-16.73
4.350;1856.39;-15.22
4.370;1859.15;-17.56
4.390;1860.11;-16.03
4.410;1860.54;-17.19
4.430;1863.41;-17.95
4.450;1863.89;-16.59
4.470;1866.09;-15.45
4.490;1869.13;-15.15
4.510;1869.86;-16.13
4.530;1872.10;-17.03
4.550;1872.12;-15.62
4.570;1873.98;-15.88
4.590;1874.77;-15.24
4.610;1877.71;-15.05
4.630;1879.52;-17.09
4.650;1881.06;-16.74
4.670;1882.73;-15.39
4.690;1884.36;-15.02
4.710;1884.56;-15.98
4.730;1886.27;-15.03
4.750;1889.63;-15.97
4.770;1890.20;-16.39
4.790;1891.67;-17.27
4.810;1893.02;-16.45
4.830;1893.96;-15.00
4.850;1895.80;-14.93
4.870;1897.61;-15.18
4.890;1898.10;-15.89
4.910;1900.46;-15.21
4.930;1900.90;-15.05
4.950;1903.12;-15.06
4.970;1904.68;-15.48
4.990;1905.54;-13.47
5.010;1907.31;-15.10
5.030;1909.42;-14.03
5.050;1910.26;-15.96
5.070;1911.13;-15.26
5.090;1912.65;-15.05
5.110;1914.89;-14.77
5.130;1916.21;-14.64
5.150;1918.27;-12.40
5.170;1918.85;-14.51
5.190;1920.70;-13.69
5.210;1920.74;-13.68
5.230;1923.15;-14.75
5.250;1924.72;-14.06
5.270;1926.49;-14.16
5.290;1926.66;-14.53
5.310;1928.49;-14.13
5.330;1929.48;-15.22
5.350;1932.06;-13.52
5.370;1932.31;-13.44
5.390;1934.01;-12.58
5.410;1935.22;-13.81
5.430;1936.41;-15.15
5.450;1937.86;-14.26
5.470;1940.67;-14.50
5.490;1939.87;-13.13
5.510;1943.11;-14.00
5.530;1943.60;-14.25
5.550;1943.64;-12.95
5.570;1946.84;-14.60
5.590;1946.85;-12.87
5.610;1948.93;-13.94
5.630;1949.47;-13.79
5.650;1950.86;-12.59
5.670;1951.62;-14.39
5.690;1952.98;-13.44
5.710;1954.77;-13.99
5.730;1955.99;-12.09
5.750;1956.81;-14.29
5.770;1959.26;-13.41
5.790;1959.84;-12.91
5.810;1961.15;-13.77
5.830;1961.60;-11.91
5.850;1963.46;-13.54
5.870;1963.57;-13.48
5.890;1965.69;-14.22
5.910;1966.68;-12.78
5.930;1968.93;-13.77
5.950;1969.69;-12.90
5.970;1969.60;-14.65
5.990;1972.72;-12.85
6.010;1972.32;-12.81
6.030;1974.16;-11.89
6.050;1974.58;-12.59
6.070;1976.73;-12.80
6.090;1977.38;-12.29
6.110;1978.00;-14.33
6.130;1979.53;-13.32
6.150;1979.98;-12.16
6.170;1981.90;-13.85
6.190;1984.31;-14.54
6.210;1983.53;-12.85
6.230;1986.33;-12.20
6.250;1986.87;-13.67
6.270;1987.97;-12.00
6.290;1988.32;-13.18
6.310;1990.32;-11.84
6.330;1990.04;-12.91
6.350;1992.38;-12.02
6.370;1993.33;-12.68
6.390;1994.95;-13.37
6.410;1994.26;-12.50
6.430;1997.41;-11.60
6.450;1997.61;-13.01
6.470;1998.72;-12.03
6.490;2000.30;-12.68
6.510;2001.04;-13.19
6.530;2002.43;-12.36
6.550;2002.74;-12.30
6.570;2003.25;-11.15
6.590;2004.10;-12.71
6.610;2005.78;-12.65
6.630;2006.60;-12.65
6.650;2007.47;-12.17
6.670;2008.95;-13.21
6.690;2008.63;-12.16
6.710;2011.12;-12.03
6.730;2011.38;-13.38
6.750;2012.25;-11.32
6.770;2012.90;-14.13
6.790;2013.58;-11.54
6.810;2014.88;-11.29
6.830;2016.36;-11.61
6.850;2017.35;-11.79
6.870;2018.97;-11.85
6.890;2019.43;-11.52
6.910;2018.94;-10.76
6.930;2021.05;-12.36
6.950;2021.90;-11.53
6.970;2024.35;-13.00
6.990;2023.86;-11.63
7.010;2025.81;-11.85
7.030;2025.35;-11.43
7.050;2026.65;-12.09
7.070;2027.24;-10.83
7.090;2029.18;-11.32
7.110;2029.72;-11.31
7.130;2030.95;-11.47
7.150;2031.74;-12.23
7.170;2032.58;-12.72
7.190;2032.90;-11.42
7.210;2034.36;-11.71
7.230;2035.34;-10.54
7.250;2035.10;-10.69
7.270;2036.90;-11.45
7.290;2037.37;-10.77
7.310;2037.27;-12.68
7.330;2038.76;-11.18
7.350;2039.54;-10.72
7.370;2041.38;-10.61
7.390;2042.19;-9.65
7.410;2041.27;-11.78
7.430;2042.69;-10.07
7.450;2044.11;-11.71
7.470;2044.61;-11.56
7.490;2044.95;-12.70
7.510;2047.22;-11.15
7.530;2046.36;-11.25
7.550;2047.75;-10.54
7.570;2049.81;-11.48
7.590;2050.83;-11.72
7.610;2050.19;-12.03
7.630;2050.88;-11.61
7.650;2052.91;-12.89
7.670;2052.74;-11.15
7.690;2053.04;-10.44
7.710;2054.20;-12.22
7.730;2055.68;-12.01
7.750;2055.18;-10.63
7.770;2056.07;-9.86
7.790;2056.82;-11.90
7.810;2059.55;-10.21
7.830;2058.91;-11.64
7.850;2059.38;-10.45
7.870;2060.46;-10.37
7.890;2061.51;-13.32
7.910;2061.14;-10.98
7.930;2061.08;-11.77
7.950;2063.31;-11.36
7.970;2063.21;-11.84
7.990;2065.20;-11.00
8.010;2064.16;-11.08
8.030;2065.71;-10.36
8.050;2066.17;-12.67
8.070;2066.78;-10.75
8.090;2067.70;-11.33
8.110;2068.40;-10.62
8.130;2070.70;-10.39
8.150;2069.25;-11.72
8.170;2070.96;-11.50
8.190;2070.66;-10.08
8.210;2072.49;-10.83
8.230;2071.54;-10.52
8.250;2073.19;-10.77
8.270;2073.90;-10.73
8.290;2074.69;-10.45
8.310;2075.21;-11.27
8.330;2075.75;-11.41
8.350;2075.74;-11.38
8.370;2076.87;-10.30
8.390;2077.45;-11.67
8.410;2078.99;-10.10
8.430;2077.68;-10.35
8.450;2078.89;-9.81
8.470;2079.92;-11.58
8.490;2080.02;-10.05
8.510;2081.21;-10.18
8.530;2082.73;-10.51
8.550;2080.76;-10.11
8.570;2083.92;-11.12
8.590;2083.71;-11.30
8.610;2085.01;-10.14
8.630;2084.78;-10.83
8.650;2084.74;-9.79
8.670;2085.11;-12.00
8.690;2085.47;-11.05
8.710;2086.24;-11.58
8.730;2087.34;-10.09
8.750;2087.58;-10.68
8.770;2088.85;-11.84
8.790;2089.15;-10.54
8.810;2088.23;-11.14
8.830;2089.74;-9.39
8.850;2090.95;-9.87
8.870;2091.67;-9.69
8.890;2091.55;-11.59
8.910;2092.60;-9.48
8.930;2092.08;-10.41
8.950;2092.83;-10.11
8.970;2093.64;-8.38
8.990;2094.29;-11.51
9.010;2094.02;-8.67
9.030;2094.49;-11.76
9.050;2094.73;-8.46
9.070;2096.04;-9.13
9.090;2095.56;-10.88
9.110;2096.92;-8.22
9.130;2097.30;-10.35
9.150;2097.05;-10.21
9.170;2096.96;-9.75
9.190;2098.68;-10.60
9.210;2098.19;-10.96
9.230;2098.98;-10.44
9.250;2099.77;-10.96
9.270;2100.41;-11.61
9.290;2099.59;-9.08
9.310;2102.43;-11.56
9.330;2101.18;-10.29
9.350;2101.76;-10.47
9.370;2102.36;-12.09
9.390;2102.67;-9.58
9.410;2104.04;-10.06
9.430;2103.42;-10.04
9.450;2104.97;-10.53
9.470;2103.79;-10.52
9.490;2104.89;-9.66
9.510;2105.19;-10.08
9.530;2106.08;-10.02
9.550;2106.11;-10.25
9.570;2106.77;-10.75
9.590;2107.43;-10.86
9.610;2106.95;-9.99
9.630;2106.86;-10.01
9.650;2107.96;-12.24
9.670;2108.12;-10.17
9.690;2108.19;-9.94
9.710;2107.24;-9.68
9.730;2109.18;-10.24
9.750;2110.40;-10.29
9.770;2108.61;-10.55
9.790;2109.15;-10.21
9.810;2110.90;-8.90
9.830;2110.84;-10.03
9.850;2112.70;-8.37
9.870;2110.98;-11.35
9.890;2112.60;-11.46
9.910;2112.35;-9.11
9.930;2112.14;-9.29
9.950;2111.66;-9.85
9.970;2113.35;-10.90
9.990;2113.39;-8.91
10.010;2112.78;-10.05
10.030;2113.29;-9.38
10.050;2113.94;-10.87
10.070;2114.05;-9.66
10.090;2115.08;-9.98
10.110;2115.08;-9.88
10.130;2115.34;-10.25
10.150;2115.42;-10.03
10.170;2115.29;-9.60
10.190;2115.82;-10.79
10.210;2115.83;-8.92
10.230;2116.13;-8.31
10.250;2115.54;-10.22
10.270;2115.70;-9.57
10.290;2117.39;-10.79
10.310;2117.04;-9.76
10.330;2115.98;-7.93
10.350;2117.98;-10.35
10.370;2116.94;-11.18
10.390;2118.05;-8.77
10.410;2117.55;-9.92
10.430;2118.89;-10.72
10.450;2118.81;-9.74
10.470;2119.06;-10.99
10.490;2117.69;-10.24
10.510;2118.11;-10.28
10.530;2118.87;-8.63
10.550;2118.56;-10.66
10.570;2119.78;-10.38
10.590;2119.18;-9.71
10.610;2120.09;-9.81
10.630;2120.68;-9.77
10.650;2120.70;-8.32
10.670;2119.64;-10.03
10.690;2120.61;-11.78
10.710;2121.51;-9.63
10.730;2121.83;-9.92
10.750;2121.71;-9.99
10.770;2120.06;-9.52
10.790;2121.49;-9.59
10.810;2120.06;-8.64
10.830;2121.70;-9.91
10.850;2121.65;-9.30
10.870;2121.94;-8.83
10.890;2121.48;-9.33
10.910;2122.52;-11.18
10.930;2122.45;-9.92
10.950;2121.80;-9.71
10.970;2122.21;-10.21
10.990;2121.74;-10.26
11.010;2121.65;-10.15
11.030;2122.79;-10.93
11.050;2122.93;-9.93
11.070;2122.21;-10.77
11.090;2122.23;-8.50
11.110;2122.57;-8.61
11.130;2123.03;-9.79
11.150;2123.23;-10.03
11.170;2122.86;-10.76
11.190;2122.24;-11.61
11.210;2122.86;-9.87
11.230;2123.26;-10.71
11.250;2122.68;-10.92
11.270;2123.61;-9.14
11.290;2123.12;-9.67
11.310;2122.51;-8.10
11.330;2122.82;-10.51
11.350;2122.55;-9.10
11.370;2122.94;-10.09
11.390;2123.06;-8.04
11.410;2123.37;-10.22
11.430;2122.99;-9.18
11.450;2122.97;-9.79
11.470;2122.24;-9.50
11.490;2122.99;-9.62
11.510;2122.61;-8.72
11.530;2123.39;-11.22
11.550;2122.63;-9.15
11.570;2122.35;-9.22
11.590;2122.11;-8.92
11.610;2123.49;-10.51
11.630;2122.58;-10.48
11.650;2122.03;-8.87
11.670;2123.43;-10.38
11.690;2122.61;-9.95
11.710;2123.38;-9.38
11.730;2122.82;-8.32
11.750;2121.97;-9.89
11.770;2121.67;-9.17
11.790;2123.13;-10.10
11.810;2122.54;-10.30
11.830;2122.67;-10.35
11.850;2122.01;-10.40
11.870;2122.11;-8.99
11.890;2122.35;-9.67
11.910;2121.94;-9.36
11.930;2121.33;-9.73
11.950;2120.36;-10.09
11.970;2121.98;-10.32
11.990;2120.85;-8.74
12.010;2120.85;-11.14
12.030;2121.20;-9.30
12.050;2120.73;-10.39
12.070;2121.72;-10.12
12.090;2121.38;-9.18
12.110;2120.72;-10.63
12.130;2120.74;-9.93
12.150;2121.40;-10.91
12.170;2119.33;-10.34
12.190;2120.60;-9.43
12.210;2119.24;-9.39
12.230;2119.99;-9.43
12.250;2120.32;-8.90
12.270;2119.83;-9.91
12.290;2118.90;-9.74
12.310;2119.66;-10.68
12.330;2119.35;-9.54
12.350;2119.03;-9.38
12.370;2119.47;-9.81
12.390;2118.89;-10.65
12.410;2119.52;-9.22
12.430;2118.82;-10.10
12.450;2118.95;-11.58
12.470;2117.88;-8.53
12.490;2117.33;-8.70
12.510;2116.91;-10.58
12.530;2118.70;-11.87
12.550;2118.78;-10.67
12.570;2118.79;-10.72
12.590;2118.18;-11.30
12.610;2117.40;-10.47
12.630;2115.35;-11.73
12.650;2117.79;-10.59
12.670;2117.51;-12.64
12.690;2116.95;-12.26
12.710;2116.24;-13.64
12.730;2116.57;-12.90
12.750;2116.26;-11.67
12.770;2116.92;-12.52
12.790;2115.89;-12.38
12.810;2115.31;-15.01
12.830;2114.95;-14.94
12.850;2116.00;-16.03
12.870;2114.90;-15.44
12.890;2116.03;-15.55
12.910;2115.54;-15.10
12.930;2113.67;-16.96
12.950;2115.13;-15.99
12.970;2114.67;-17.30
12.990;2115.06;-17.21
13.010;2113.28;-17.63
13.030;2113.53;-17.32
13.050;2113.41;-18.49
13.070;2114.51;-19.59
13.090;2113.21;-17.02
13.110;2114.07;-19.33
13.130;2112.54;-19.48
13.150;2113.31;-17.33
13.170;2113.46;-18.32
13.190;2113.96;-17.57
13.210;2111.54;-18.68
13.230;2112.00;-18.93
13.250;2113.12;-18.00
13.270;2113.25;-18.87
13.290;2111.10;-19.26
13.310;2112.42;-19.62
13.330;2111.01;-19.17
13.350;2111.78;-19.13
13.370;2112.24;-17.94
13.390;2111.99;-20.02
13.410;2111.72;-18.15
13.430;2111.02;-18.78
13.450;2111.63;-18.72
13.470;2111.19;-20.17
13.490;2112.72;-20.81
13.510;2109.89;-18.74
13.530;2110.51;-18.21
13.550;2110.88;-20.44
13.570;2111.50;-20.35
13.590;2110.35;-17.11
13.610;2110.07;-18.94
13.630;2109.25;-19.84
13.650;2110.18;-18.51
13.670;2109.90;-17.02
13.690;2109.67;-17.86
13.710;2109.33;-19.84
13.730;2110.71;-19.58
13.750;2109.79;-19.66
13.770;2108.50;-18.74
13.790;2108.76;-19.12
13.810;2109.49;-18.57
13.830;2107.30;-18.44
13.850;2109.04;-18.82
13.870;2109.30;-19.33
13.890;2108.79;-18.65
13.910;2107.66;-17.86
13.930;2107.86;-17.97
13.950;2108.12;-17.31
13.970;2107.76;-18.96
13.990;2107.36;-18.14
14.010;2108.12;-19.28
14.030;2108.29;-17.15
14.050;2107.25;-18.58
14.070;2107.18;-19.07
14.090;2107.47;-16.76
14.110;2107.49;-18.89
14.130;2106.14;-17.66
14.150;2107.04;-17.75
14.170;2107.34;-17.01
14.190;2106.36;-17.77
14.210;2106.59;-17.94
14.230;2105.66;-17.66
14.250;2106.28;-17.47
14.270;2106.63;-17.68
14.290;2105.77;-18.79
14.310;2105.96;-17.43
14.330;2106.13;-16.60
14.350;2105.06;-17.40
14.370;2104.97;-16.78
14.390;2106.02;-16.30
14.410;2104.80;-16.19
14.430;2104.32;-17.32
14.450;2104.63;-17.43
14.470;2104.95;-16.80
14.490;2104.29;-16.06
14.510;2104.38;-16.08
14.530;2104.00;-16.26
14.550;2104.43;-16.33
14.570;2105.56;-15.51
14.590;2105.10;-15.44
14.610;2103.99;-14.88
14.630;2102.89;-15.21
14.650;2103.99;-16.02
14.670;2103.38;-14.65
14.690;2103.09;-14.99
14.710;2103.32;-14.99
14.730;2102.92;-15.03
14.750;2102.97;-15.09
14.770;2104.14;-15.19
14.790;2102.76;-13.59
14.810;2102.62;-15.81
14.830;2101.23;-15.74
14.850;2102.76;-13.94
14.870;2101.42;-13.91
14.890;2102.30;-14.34
14.910;2101.63;-14.42
14.930;2101.79;-14.01
14.950;2101.61;-13.96
14.970;2101.90;-15.44
14.990;2101.51;-14.54
15.010;2100.44;-14.82
15.030;2101.07;-15.54
15.050;2101.08;-12.91
15.070;2100.01;-14.59
15.090;2100.45;-16.40
15.110;2099.93;-15.19
15.130;2100.90;-13.60
15.150;2099.59;-14.70
15.170;2098.92;-16.14
15.190;2100.01;-14.65
15.210;2100.20;-16.96
15.230;2100.46;-13.87
15.250;2100.23;-15.44
15.270;2100.04;-14.06
15.290;2099.11;-14.54
15.310;2099.66;-15.99
15.330;2098.05;-15.73
15.350;2099.39;-13.49
15.370;2098.96;-14.77
15.390;2099.20;-14.15
15.410;2099.09;-14.80
15.430;2097.83;-17.30
15.450;2097.56;-15.16
15.470;2097.02;-15.63
15.490;2098.01;-17.10
15.510;2098.12;-16.39
15.530;2097.44;-18.04
15.550;2097.05;-15.25
15.570;2098.19;-17.01
15.590;2097.35;-15.95
15.610;2098.07;-16.00
15.630;2096.75;-15.33
15.650;2097.31;-15.94
15.670;2097.82;-16.76
15.690;2096.57;-18.56
15.710;2097.10;-17.30
15.730;2096.05;-16.60
15.750;2096.84;-17.39
15.770;2096.83;-17.78
15.790;2097.28;-16.23
15.810;2096.62;-16.88
15.830;2096.62;-17.24
15.850;2095.25;-18.10
15.870;2096.00;-17.82
15.890;2095.83;-16.95
15.910;2096.00;-18.62
15.930;2096.49;-17.54
15.950;2094.52;-18.79
15.970;2095.03;-17.90
15.990;2094.34;-18.19
16.010;2094.14;-18.50
16.030;2095.05;-19.10
16.050;2094.83;-18.59
16.070;2094.80;-20.36
16.090;2094.46;-17.87
16.110;2092.98;-19.91
16.130;2094.60;-18.71
16.150;2093.09;-17.62
16.170;2093.83;-18.54
16.190;2094.19;-19.55
16.210;2093.71;-18.82
16.230;2093.79;-18.50
16.250;2092.44;-20.46
16.270;2093.34;-19.06
16.290;2093.20;-18.08
16.310;2093.10;-18.90
16.330;2092.78;-19.94
16.350;2092.90;-20.25
16.370;2091.98;-18.21
16.390;2092.92;-19.56
16.410;2091.96;-18.31
16.430;2093.27;-19.03
16.450;2092.34;-20.51
16.470;2092.07;-19.44
16.490;2092.68;-18.27
16.510;2091.33;-21.11
16.530;2092.17;-19.24
16.550;2091.40;-19.55
16.570;2090.91;-19.35
16.590;2090.55;-21.09
16.610;2091.73;-18.31
16.630;2091.04;-20.62
16.650;2090.81;-21.17
16.670;2090.69;-20.01
16.690;2090.13;-20.26
16.710;2090.25;-19.76
16.730;2090.35;-19.85
16.750;2089.68;-19.62
16.770;2090.51;-21.55
16.790;2090.35;-19.19
16.810;2088.90;-19.68
16.830;2090.99;-19.46
16.850;2088.39;-19.77
16.870;2089.45;-17.39
16.890;2087.58;-19.40
16.910;2089.80;-18.77
16.930;2089.38;-19.61
16.950;2089.19;-20.02
16.970;2088.39;-19.29
16.990;2088.43;-19.18
17.010;2088.24;-19.62
17.030;2089.01;-18.26
17.050;2088.53;-20.17
17.070;2087.86;-18.69
17.090;2087.53;-17.77
17.110;2088.11;-19.94
17.130;2087.54;-19.55
17.150;2088.30;-19.43
17.170;2088.24;-19.45
17.190;2086.83;-17.99
17.210;2087.28;-19.26
17.230;2086.74;-18.41
17.250;2087.55;-17.97
17.270;2086.56;-18.67
17.290;2087.02;-18.31
17.310;2086.93;-18.79
17.330;2086.60;-18.65
17.350;2086.99;-18.64
17.370;2086.47;-19.66
17.390;2086.64;-19.16
17.410;2086.40;-20.82
17.430;2087.22;-18.22
17.450;2085.91;-18.97
17.470;2085.77;-20.00
17.490;2086.36;-16.96
17.510;2085.46;-18.76
17.530;2085.64;-16.86
17.550;2085.74;-18.70
17.570;2085.09;-20.14
17.590;2084.59;-18.47
17.610;2084.69;-18.13
17.630;2085.04;-17.58
17.650;2083.70;-18.80
17.670;2084.02;-18.06
17.690;2085.15;-16.46
17.710;2083.93;-17.48
17.730;2083.54;-19.95
17.750;2084.03;-17.43
17.770;2083.66;-18.95
17.790;2083.27;-17.64
17.810;2083.26;-17.67
17.830;2083.27;-17.15
17.850;2082.74;-18.72
17.870;2083.13;-18.63
17.890;2082.55;-20.33
17.910;2083.87;-16.60
17.930;2083.54;-17.61
17.950;2083.68;-17.04
17.970;2082.48;-19.50
17.990;2081.75;-18.70
18.010;2083.49;-18.06
18.030;2082.85;-19.21
18.050;2081.81;-16.94
18.070;2082.94;-18.81
18.090;2081.83;-18.01
18.110;2081.18;-18.17
18.130;2081.42;-17.61
18.150;2081.99;-19.01
18.170;2081.66;-17.93
18.190;2081.25;-17.99
18.210;2080.94;-18.53
18.230;2080.40;-18.69
18.250;2079.63;-17.80
18.270;2080.69;-18.90
18.290;2081.83;-19.85
18.310;2079.86;-18.75
18.330;2079.93;-19.72
18.350;2079.92;-18.92
18.370;2079.63;-18.96
18.390;2079.91;-20.09
18.410;2079.10;-20.46
18.430;2080.71;-17.95
18.450;2078.52;-18.25
18.470;2080.80;-19.96
18.490;2079.12;-18.97
18.510;2077.77;-19.66
18.530;2079.13;-19.66
18.550;2079.26;-18.62
18.570;2079.23;-19.27
18.590;2077.87;-18.39
18.610;2077.25;-18.71
18.630;2078.50;-19.99
18.650;2077.75;-20.51
18.670;2078.13;-18.47
18.690;2078.43;-19.94
18.710;2076.96;-19.73
18.730;2076.23;-18.34
18.750;2077.56;-18.75
18.770;2077.56;-18.46
18.790;2077.24;-17.86
18.810;2077.10;-19.78
18.830;2076.82;-18.40
18.850;2076.02;-20.05
18.870;2076.85;-18.88
18.890;2076.33;-20.06
18.910;2075.97;-18.20
18.930;2075.85;-19.62
18.950;2075.42;-20.68
18.970;2077.43;-20.23
18.990;2075.22;-19.27
19.010;2076.35;-19.74
19.030;2075.09;-20.50
19.050;2075.51;-20.94
19.070;2075.11;-19.56
19.090;2076.01;-19.38
19.110;2075.27;-21.15
19.130;2075.21;-20.36
19.150;2074.46;-20.99
19.170;2074.47;-19.32
19.190;2074.17;-21.32
19.210;2073.56;-20.05
19.230;2073.63;-19.20
19.250;2074.78;-18.87
19.270;2074.59;-19.81
19.290;2073.89;-18.37
19.310;2073.23;-19.41
19.330;2075.54;-17.77
19.350;2073.04;-19.15
19.370;2072.52;-18.14
19.390;2072.36;-19.65
19.410;2073.08;-19.38
19.430;2072.81;-19.10
19.450;2072.87;-19.88
19.470;2072.11;-17.91
19.490;2073.09;-19.22
19.510;2072.85;-19.99
19.530;2072.44;-18.81
19.550;2072.18;-19.01
19.570;2071.33;-20.13
19.590;2072.13;-19.05
19.610;2071.26;-19.30
19.630;2071.39;-19.17
19.650;2071.11;-18.09
19.670;2070.91;-20.29
19.690;2070.90;-19.29
19.710;2071.40;-18.53
19.730;2071.62;-18.03
19.750;2071.02;-20.18
19.770;2071.09;-20.57
19.790;2070.99;-20.23
19.810;2070.09;-19.90
19.830;2069.28;-20.03
19.850;2070.23;-19.46
19.870;2069.66;-19.99
19.890;2070.10;-20.02
19.910;2068.81;-20.28
19.930;2070.09;-19.71
19.950;2069.88;-18.84
19.970;2068.40;-20.10
19.990;2069.17;-19.80
20.010;2069.49;-20.05
20.030;2069.03;-20.28
20.050;2069.10;-18.85
20.070;2068.73;-18.89
20.090;2068.54;-20.34
20.110;2067.79;-20.47
20.130;2067.81;-20.04
20.150;2067.81;-19.72
20.170;2067.42;-20.60
20.190;2067.88;-19.87
20.210;2067.50;-19.50
20.230;2067.16;-20.90
20.250;2068.05;-18.58
20.270;2068.16;-19.88
20.290;2067.58;-19.75
20.310;2067.65;-19.29
20.330;2066.51;-19.26
20.350;2066.81;-19.00
20.370;2067.52;-19.49
20.390;2066.26;-19.79
20.410;2065.34;-18.63
20.430;2067.27;-19.69
20.450;2065.12;-20.43
20.470;2066.17;-19.09
20.490;2064.73;-19.86
20.510;2066.61;-20.04
20.530;2065.45;-18.14
20.550;2064.56;-18.85
20.570;2065.09;-20.54
20.590;2065.65;-20.42
20.610;2065.41;-19.15
20.630;2064.90;-19.77
20.650;2065.50;-19.07
20.670;2065.87;-20.44
20.690;2064.50;-19.99
20.710;2064.20;-20.23
20.730;2064.87;-20.01
20.750;2064.48;-20.28
20.770;2064.55;-20.22
20.790;2064.32;-19.18
20.810;2064.19;-18.25
20.830;2063.45;-21.07
20.850;2064.29;-19.15
20.870;2063.17;-18.94
20.890;2063.50;-20.20
20.910;2062.76;-20.20
20.930;2062.61;-19.61
20.950;2063.69;-20.77
20.970;2062.90;-18.93
20.990;2063.44;-19.99
21.010;2061.72;-19.36
21.030;2062.70;-20.07
21.050;2061.59;-20.27
21.070;2061.92;-20.61
21.090;2061.75;-19.86
21.110;2062.41;-21.26
21.130;2061.95;-20.32
21.150;2061.79;-19.39
21.170;2061.39;-20.34
21.190;2060.72;-20.27
21.210;2059.51;-19.01
21.230;2062.41;-19.15
21.250;2060.05;-19.87
21.270;2061.88;-19.71
21.290;2061.60;-19.90
21.310;2060.58;-19.30
21.330;2060.37;-18.86
21.350;2060.72;-18.08
21.370;2059.66;-20.31
21.390;2060.70;-20.80
21.410;2060.28;-19.19
21.430;2060.19;-20.96
21.450;2060.32;-17.49
21.470;2059.26;-19.67
21.490;2058.98;-18.88
21.510;2058.99;-19.89
21.530;2060.09;-19.68
21.550;2059.15;-20.16
21.570;2058.07;-19.84
21.590;2057.76;-19.14
21.610;2059.63;-19.72
21.630;2058.89;-19.38
21.650;2058.87;-18.97
21.670;2059.87;-19.83
21.690;2058.41;-20.68
21.710;2058.62;-20.40
21.730;2057.94;-20.29
21.750;2057.84;-18.42
21.770;2057.58;-20.10
21.790;2057.18;-18.54
21.810;2057.99;-20.13
21.830;2056.81;-19.23
21.850;2057.92;-19.41
21.870;2057.06;-19.34
21.890;2057.10;-20.00
21.910;2056.74;-18.63
21.930;2057.10;-18.39
21.950;2056.69;-20.15
21.970;2056.54;-20.39
21.990;2057.27;-18.79
22.010;2056.72;-18.75
22.030;2056.49;-19.04
22.050;2055.35;-20.90
22.070;2056.04;-19.34
22.090;2057.06;-17.93
22.110;2056.16;-19.21
22.130;2055.14;-20.57
22.150;2056.17;-18.90
22.170;2055.43;-18.23
22.190;2055.19;-19.94
22.210;2055.03;-20.61
22.230;2054.41;-19.86
22.250;2054.68;-20.31
22.270;2055.61;-19.81
22.290;2054.83;-19.32
22.310;2054.43;-18.46
22.330;2053.50;-18.68
22.350;2055.02;-19.81
22.370;2055.09;-19.03
22.390;2054.18;-18.28
22.410;2054.48;-18.74
22.430;2053.41;-19.50
22.450;2053.06;-19.07
22.470;2054.35;-19.73
22.490;2053.52;-19.26
22.510;2053.85;-18.31
22.530;2053.69;-18.00
22.550;2052.60;-17.98
22.570;2052.68;-20.97
22.590;2052.19;-19.35
22.610;2051.83;-18.88
22.630;2052.27;-19.08
22.650;2051.81;-17.25
22.670;2053.29;-18.59
22.690;2051.95;-18.46
22.710;2053.22;-18.35
22.730;2051.60;-18.81
22.750;2050.11;-18.47
22.770;2052.19;-19.71
22.790;2051.77;-19.23
22.810;2050.55;-18.56
22.830;2051.61;-19.45
22.850;2052.74;-18.14
22.870;2051.18;-18.49
22.890;2051.40;-19.54
22.910;2050.97;-19.75
22.930;2051.02;-19.56
22.950;2051.31;-20.45
22.970;2051.28;-18.66
22.990;2050.32;-19.20
23.010;2050.84;-19.45
23.030;2050.32;-19.45
23.050;2050.29;-18.63
23.070;2050.47;-18.72
23.090;2050.92;-18.83
23.110;2048.82;-18.99
23.130;2049.30;-19.41
23.150;2050.13;-18.81
23.170;2048.75;-19.99
23.190;2049.54;-18.75
23.210;2050.12;-18.36
23.230;2049.01;-18.86
23.250;2048.18;-18.13
23.270;2047.99;-19.43
23.290;2049.02;-19.21
23.310;2047.41;-20.27
23.330;2047.84;-17.55
23.350;2048.73;-19.94
23.370;2048.02;-19.02
23.390;2047.80;-19.49
23.410;2047.96;-19.67
23.430;2047.61;-20.01
23.450;2047.95;-19.33
23.470;2046.43;-18.16
23.490;2046.11;-18.82
23.510;2047.08;-19.69
23.530;2046.95;-20.19
23.550;2046.11;-18.56
23.570;2046.29;-20.30
23.590;2045.97;-19.99
23.610;2045.66;-19.43
23.630;2046.74;-20.57
23.650;2046.18;-18.24
23.670;2045.42;-20.43
23.690;2045.66;-20.31
23.710;2045.41;-19.34
23.730;2046.93;-19.19
23.750;2045.58;-19.77
23.770;2045.20;-20.40
23.790;2045.48;-21.40
23.810;2045.59;-19.81
23.830;2044.74;-19.30
23.850;2045.44;-20.15
23.870;2044.81;-18.97
23.890;2044.36;-19.71
23.910;2045.29;-21.07
23.930;2044.54;-19.99
23.950;2045.68;-20.29
23.970;2044.45;-20.22
23.990;2043.62;-18.56
24.010;2042.73;-21.31
24.030;2043.63;-21.19
24.050;2043.14;-20.30
24.070;2043.64;-20.24
24.090;2042.91;-19.69
24.110;2043.65;-20.71
24.130;2043.97;-20.73
24.150;2043.16;-20.61
24.170;2041.37;-19.57
24.190;2043.16;-19.65
24.210;2043.26;-19.22
24.230;2042.66;-20.03
24.250;2042.56;-20.35
24.270;2042.51;-18.81
24.290;2042.06;-20.02
24.310;2042.20;-18.27
24.330;2042.06;-21.10
24.350;2042.07;-19.71
24.370;2042.09;-18.92
24.390;2040.67;-20.80
24.410;2041.68;-19.72
24.430;2040.44;-19.56
24.450;2040.02;-18.95
24.470;2040.06;-18.73
24.490;2040.89;-17.78
24.510;2040.33;-19.35
24.530;2040.76;-20.56
24.550;2039.88;-18.82
24.570;2040.75;-19.70
24.590;2039.42;-18.45
24.610;2039.88;-20.28
24.630;2040.13;-18.24
24.650;2040.53;-18.34
24.670;2039.82;-19.98
24.690;2039.81;-18.85
24.710;2038.56;-19.19
24.730;2039.24;-18.49
24.750;2039.26;-18.81
24.770;2039.66;-17.93
24.790;2038.62;-17.54
24.810;2039.29;-17.23
24.830;2039.00;-17.52
24.850;2038.79;-19.45
24.870;2037.80;-18.49
24.890;2038.77;-19.85
24.910;2039.10;-19.58
24.930;2038.00;-19.36
24.950;2037.22;-20.10
24.970;2038.36;-20.65
24.990;2038.04;-18.69
25.010;2038.54;-20.59
25.030;2037.30;-18.41
25.050;2037.77;-18.73
25.070;2036.55;-19.37
25.090;2036.63;-19.87
25.110;2036.83;-17.87
25.130;2036.48;-19.87
25.150;2036.74;-19.32
25.170;2037.05;-19.28
25.190;2035.66;-19.11
25.210;2035.59;-19.16
25.230;2036.50;-19.48
25.250;2034.93;-18.46
25.270;2035.74;-19.32
25.290;2036.02;-19.68
25.310;2035.14;-19.61
25.330;2035.51;-21.38
25.350;2033.96;-17.09
25.370;2034.80;-19.69
25.390;2035.68;-18.50
25.410;2034.63;-18.48
25.430;2035.67;-20.23
25.450;2034.65;-18.88
25.470;2033.08;-19.81
25.490;2034.17;-18.90
25.510;2033.56;-20.54
25.530;2034.17;-18.79
25.550;2033.76;-19.68
25.570;2033.77;-20.03
25.590;2033.68;-19.07
25.610;2032.89;-19.92
25.630;2031.91;-21.46
25.650;2033.10;-18.78
25.670;2032.44;-20.16
25.690;2032.93;-19.33
25.710;2031.59;-18.79
25.730;2032.02;-19.36
25.750;2032.81;-19.38
25.770;2032.34;-19.97
25.790;2032.03;-18.13
25.810;2031.73;-19.15
25.830;2032.47;-19.67
25.850;2031.31;-19.88
25.870;2032.04;-19.09
25.890;2030.88;-19.72
25.910;2032.39;-20.38
25.930;2030.51;-19.82
25.950;2031.60;-19.73
25.970;2031.85;-20.17
25.990;2030.95;-19.19
26.010;2031.11;-20.25
26.030;2030.32;-19.03
26.050;2030.09;-20.65
26.070;2029.26;-20.40
26.090;2029.63;-18.87
26.110;2030.74;-19.78
26.130;2030.76;-18.24
26.150;2030.47;-20.05
26.170;2028.19;-19.40
26.190;2029.00;-17.76
26.210;2030.19;-21.58
26.230;2029.91;-20.80
26.250;2028.95;-19.41
26.270;2028.57;-18.91
26.290;2028.59;-19.18
26.310;2028.12;-20.58
26.330;2028.03;-18.96
26.350;2029.49;-19.31
26.370;2027.63;-20.33
26.390;2028.45;-20.62
26.410;2027.12;-19.71
26.430;2027.17;-20.98
26.450;2028.23;-19.46
26.470;2027.18;-19.70
26.490;2026.74;-19.41
26.510;2027.63;-18.84
26.530;2026.87;-19.19
26.550;2027.38;-19.56
26.570;2026.54;-20.50
26.590;2026.37;-19.28
26.610;2026.41;-19.90
26.630;2026.34;-19.76
26.650;2026.22;-18.89
26.670;2026.38;-17.32
26.690;2026.17;-19.28
26.710;2026.04;-18.86
26.730;2026.06;-19.76
26.750;2026.27;-19.86
26.770;2026.58;-19.50
26.790;2026.25;-19.27
26.810;2025.33;-20.28
26.830;2024.70;-20.53
26.850;2024.10;-19.89
26.870;2025.09;-19.75
26.890;2023.98;-18.79
26.910;2024.24;-18.76
26.930;2025.08;-19.66
26.950;2024.75;-19.42
26.970;2023.47;-18.86
26.990;2024.41;-18.47
27.010;2023.73;-18.50
27.030;2025.18;-19.88
27.050;2023.71;-19.17
27.070;2023.44;-19.40
27.090;2023.64;-19.81
27.110;2022.65;-19.05
27.130;2022.65;-18.93
27.150;2022.51;-18.33
27.170;2022.63;-19.59
27.190;2022.58;-21.84
27.210;2023.42;-19.68
27.230;2023.49;-19.14
27.250;2022.08;-18.84
27.270;2023.04;-19.28
27.290;2022.67;-19.04
27.310;2021.70;-19.81
27.330;2023.01;-20.51
27.350;2021.37;-19.45
27.370;2020.53;-20.46
27.390;2021.14;-19.34
27.410;2022.02;-19.82
27.430;2020.76;-19.98
27.450;2019.92;-20.92
27.470;2021.01;-18.89
27.490;2019.85;-19.97
27.510;2020.90;-19.97
27.530;2019.96;-19.65
27.550;2020.48;-18.53
27.570;2019.69;-19.57
27.590;2019.64;-18.84
27.610;2019.39;-19.72
27.630;2019.71;-20.27
27.650;2020.82;-18.06
27.670;2020.59;-19.95
27.690;2020.03;-18.01
27.710;2019.73;-19.59
27.730;2018.77;-20.12
27.750;2018.49;-19.03
27.770;2018.75;-17.75
27.790;2019.15;-19.07
27.810;2017.82;-19.68
27.830;2017.94;-19.90
27.850;2019.19;-21.30
27.870;2016.90;-20.26
27.890;2018.77;-20.51
27.910;2017.47;-20.00
27.930;2017.60;-20.90
27.950;2017.67;-19.00
27.970;2017.74;-19.64
27.990;2016.20;-20.57
28.010;2016.86;-21.42
28.030;2017.50;-19.31
28.050;2017.25;-21.21
28.070;2016.53;-18.78
28.090;2016.82;-19.38
28.110;2016.21;-19.93
28.130;2015.75;-19.57
28.150;2016.82;-20.02
28.170;2017.37;-21.14
28.190;2015.59;-20.30
28.210;2016.37;-20.79
28.230;2015.16;-20.68
28.250;2015.29;-21.33
28.270;2014.80;-20.28
28.290;2014.81;-19.02
28.310;2014.99;-19.56
28.330;2015.59;-19.30
28.350;2014.95;-20.97
28.370;2014.60;-19.80
28.390;2014.82;-19.39
28.410;2014.28;-18.40
28.430;2013.34;-19.56
28.450;2013.76;-19.00
28.470;2014.43;-19.91
28.490;2014.00;-18.07
28.510;2013.63;-19.29
28.530;2014.20;-20.04
28.550;2013.35;-19.69
28.570;2012.57;-19.54
28.590;2013.74;-19.28
28.610;2012.71;-20.55
28.630;2012.80;-19.57
28.650;2013.39;-19.40
28.670;2013.14;-20.19
28.690;2011.89;-19.78
28.710;2013.78;-18.65
28.730;2012.27;-20.27
28.750;2012.35;-20.30
28.770;2012.14;-18.36
28.790;2012.61;-19.87
28.810;2011.23;-19.63
28.830;2011.47;-19.84
28.850;2010.24;-20.47
28.870;2011.83;-19.44
28.890;2011.71;-20.15
28.910;2011.64;-20.28
28.930;2010.29;-19.94
28.950;2011.43;-19.65
28.970;2010.87;-18.83
28.990;2011.06;-20.36
29.010;2010.99;-19.01
29.030;2010.88;-19.00
29.050;2009.57;-19.39
29.070;2010.24;-20.92
29.090;2010.08;-19.98
29.110;2010.16;-19.49
29.130;2009.46;-18.05
29.150;2008.79;-19.81
29.170;2009.51;-18.49
29.190;2009.64;-19.28
29.210;2009.65;-19.21
29.230;2009.28;-19.80
29.250;2008.39;-19.56
29.270;2009.34;-18.33
29.290;2009.04;-19.12
29.310;2007.87;-19.18
29.330;2008.60;-20.28
29.350;2007.69;-19.10
29.370;2008.47;-20.30
29.390;2007.42;-20.12
29.410;2007.41;-18.94
29.430;2007.79;-19.36
29.450;2007.11;-20.12
29.470;2007.63;-19.94
29.490;2007.36;-19.62
29.510;2007.17;-20.39
29.530;2007.96;-20.41
29.550;2007.80;-18.76
29.570;2007.08;-19.29
29.590;2006.58;-20.03
29.610;2006.43;-20.04
29.630;2006.02;-19.56
29.650;2006.67;-20.20
29.670;2006.13;-19.40
29.690;2006.23;-20.39
29.710;2006.35;-21.00
29.730;2005.61;-19.34
29.750;2005.74;-19.82
29.770;2004.74;-20.19
29.790;2004.91;-18.66
29.810;2005.81;-18.94
29.830;2004.77;-18.88
29.850;2005.19;-18.45
29.870;2004.65;-18.99
29.890;2005.44;-20.15
29.910;2005.58;-18.27
29.930;2004.38;-20.79
29.950;2004.84;-17.62
29.970;2004.57;-19.38
29.990;2004.38;-19.18
30.010;2003.78;-20.58
30.030;2004.52;-20.87
30.050;2004.44;-20.09
30.070;2003.52;-20.08
30.090;2003.35;-19.90
30.110;2003.77;-19.50
30.130;2002.42;-19.61
30.150;2004.38;-19.52
30.170;2003.05;-18.73
30.190;2003.35;-19.92
30.210;2003.08;-18.41
30.230;2003.27;-18.87
30.250;2003.04;-19.35
30.270;2001.91;-18.51
30.290;2003.52;-20.42
30.310;2002.62;-19.90
30.330;2002.62;-19.12
30.350;2000.00;-19.27
30.370;2001.21;-19.61
30.390;2001.41;-20.52
30.410;2001.59;-20.12
30.430;2000.04;-19.80
30.450;2000.01;-19.31
30.470;2000.52;-19.74
30.490;2001.06;-18.43
30.510;2001.16;-19.37
30.530;2000.01;-20.30
30.550;2000.04;-19.19
30.570;2000.83;-20.09
30.590;2000.37;-19.22
30.610;1999.84;-19.34
30.630;1999.93;-19.74
30.650;2000.24;-19.85
30.670;2000.93;-19.18
30.690;1999.74;-19.94
30.710;1998.94;-19.64
30.730;1999.44;-19.40
30.750;1998.67;-19.41
30.770;1998.83;-18.80
30.790;1998.28;-19.72
30.810;1999.95;-19.36
30.830;1999.54;-20.04
30.850;1998.37;-20.14
30.870;1998.51;-19.85
30.890;1998.24;-19.51
30.910;1998.30;-18.84
30.930;1997.76;-19.31
30.950;1997.67;-19.78
30.970;1998.08;-19.10
30.990;1997.20;-20.66
31.010;1997.51;-17.72
31.030;1997.13;-18.67
31.050;1997.12;-19.65
31.070;1997.81;-18.17
31.090;1997.76;-19.40
31.110;1997.14;-19.04
31.130;1995.68;-20.25
31.150;1996.59;-20.16
31.170;1996.99;-20.21
31.190;1997.53;-19.32
31.210;1995.71;-17.59
31.230;1996.44;-20.03
31.250;1996.01;-18.17
31.270;1994.37;-19.72
31.290;1996.40;-19.58
31.310;1994.76;-19.20
31.330;1996.41;-19.69
31.350;1994.84;-20.27
31.370;1994.64;-19.65
31.390;1995.69;-18.69
31.410;1995.82;-19.03
31.430;1994.16;-19.19
31.450;1993.77;-20.46
31.470;1994.43;-18.60
31.490;1993.45;-19.55
31.510;1994.56;-19.84
31.530;1993.61;-19.65
31.550;1993.09;-20.03
31.570;1994.08;-18.44
31.590;1993.59;-20.80
31.610;1992.90;-20.45
31.630;1993.78;-19.34
31.650;1992.84;-20.55
31.670;1994.97;-19.87
31.690;1992.05;-19.73
31.710;1993.63;-20.26
31.730;1992.13;-19.78
31.750;1993.22;-19.95
31.770;1992.75;-20.23
31.790;1992.22;-19.40
31.810;1992.48;-19.65
31.830;1991.53;-19.47
31.850;1991.67;-19.33
31.870;1991.72;-19.58
31.890;1990.88;-20.47
31.910;1991.09;-19.55
31.930;1991.14;-19.49
31.950;1991.82;-19.59
31.970;1990.08;-20.90
31.990;1991.05;-18.85
32.010;1991.67;-18.73
32.030;1990.92;-19.90
32.050;1991.40;-20.82
32.070;1990.84;-19.57
32.090;1989.74;-19.98
32.110;1990.49;-18.40
32.130;1989.57;-20.54
32.150;1990.60;-19.42
32.170;1990.48;-19.20
32.190;1989.89;-20.51
32.210;1990.20;-20.67
32.230;1989.06;-19.91
32.250;1989.43;-19.91
32.270;1988.96;-19.55
32.290;1989.58;-20.52
32.310;1988.58;-19.97
32.330;1988.11;-19.04
32.350;1988.84;-19.27
32.370;1989.71;-19.53
32.390;1988.80;-20.62
32.410;1989.74;-20.09
32.430;1988.37;-21.15
32.450;1988.04;-18.67
32.470;1987.69;-18.20
32.490;1987.35;-18.48
32.510;1986.95;-19.08
32.530;1987.52;-18.70
32.550;1986.50;-19.50
32.570;1987.31;-19.54
32.590;1987.49;-19.14
32.610;1987.66;-20.44
32.630;1985.27;-19.65
32.650;1986.34;-18.94
32.670;1987.00;-20.12
32.690;1985.79;-18.87
32.710;1985.17;-19.13
32.730;1985.42;-19.64
32.750;1986.06;-20.39
32.770;1985.87;-18.85
32.790;1985.75;-19.38
32.810;1985.45;-20.42
32.830;1985.20;-18.40
32.850;1985.16;-20.28
32.870;1984.24;-20.22
32.890;1984.76;-19.24
32.910;1984.65;-19.75
32.930;1985.96;-20.69
32.950;1985.07;-19.09
32.970;1985.65;-19.96
32.990;1985.21;-19.21
33.010;1984.63;-21.48
33.030;1984.39;-21.13
33.050;1984.61;-19.47
33.070;1983.11;-20.49
33.090;1984.08;-19.39
33.110;1984.75;-20.40
33.130;1982.99;-18.99
33.150;1983.23;-20.12
33.170;1981.93;-21.26
33.190;1982.56;-20.41
33.210;1983.52;-19.78
33.230;1982.78;-16.66
33.250;1983.34;-20.23
33.270;1982.60;-20.77
33.290;1982.77;-20.67
33.310;1983.10;-20.40
33.330;1983.67;-19.87
33.350;1982.25;-20.04
33.370;1982.11;-18.73
33.390;1981.53;-20.80
33.410;1981.15;-19.76
33.430;1982.27;-18.27
33.450;1981.61;-18.07
33.470;1981.22;-19.13
33.490;1980.62;-21.26
33.510;1980.61;-19.79
33.530;1980.88;-19.75
33.550;1980.90;-20.75
33.570;1980.33;-18.97
33.590;1980.16;-19.08
33.610;1980.45;-18.66
33.630;1979.78;-18.92
33.650;1979.74;-17.62
33.670;1979.88;-18.16
33.690;1978.93;-19.06
33.710;1979.05;-17.80
33.730;1979.13;-19.57
33.750;1978.85;-18.38
33.770;1980.26;-20.75
33.790;1979.36;-20.00
33.810;1978.90;-19.01
33.830;1979.56;-18.59
33.850;1977.68;-18.37
33.870;1977.85;-19.66
33.890;1977.83;-20.29
33.910;1978.12;-18.54
33.930;1978.61;-19.32
33.950;1978.10;-20.20
33.970;1978.70;-19.58
33.990;1978.33;-19.32
34.010;1979.01;-19.67
34.030;1977.66;-20.14
34.050;1976.85;-19.63
34.070;1976.56;-20.13
34.090;1976.94;-18.36
34.110;1978.17;-18.14
34.130;1975.94;-18.56
34.150;1977.35;-18.90
34.170;1976.23;-20.76
34.190;1977.21;-20.67
34.210;1975.62;-19.89
34.230;1976.06;-19.61
34.250;1975.62;-18.17
34.270;1976.05;-18.47
34.290;1976.20;-18.33
34.310;1975.72;-18.82
34.330;1975.53;-19.47
34.350;1975.23;-20.35
34.370;1975.27;-19.91
34.390;1975.07;-19.13
34.410;1975.77;-18.73
34.430;1974.74;-18.90
34.450;1975.50;-18.27
34.470;1976.16;-18.70
34.490;1974.82;-19.64
34.510;1973.22;-19.90
34.530;1973.64;-18.82
34.550;1974.12;-21.45
34.570;1974.28;-21.15
34.590;1973.09;-19.76
34.610;1974.63;-19.61
34.630;1973.09;-19.82
34.650;1973.27;-19.25
34.670;1973.99;-21.20
34.690;1973.36;-18.24
34.710;1973.49;-20.15
34.730;1972.73;-19.74
34.750;1972.32;-20.42
34.770;1972.46;-19.43
34.790;1971.94;-20.10
34.810;1973.26;-18.51
34.830;1972.47;-20.16
34.850;1972.51;-18.00
34.870;1972.28;-20.27
34.890;1971.43;-20.83
34.910;1971.96;-20.11
34.930;1972.75;-20.54
34.950;1972.98;-19.92
34.970;1971.90;-19.13
34.990;1971.35;-19.92
35.010;1971.17;-18.73
35.030;1970.77;-19.48
35.050;1970.98;-19.24
35.070;1970.02;-17.70
35.090;1970.39;-19.25
35.110;1969.06;-19.37
35.130;1970.05;-19.06
35.150;1970.50;-17.80
35.170;1970.47;-18.84
35.190;1969.21;-20.48
35.210;1970.15;-19.52
35.230;1969.46;-19.29
35.250;1968.94;-19.66
35.270;1969.64;-20.48
35.290;1969.43;-19.96
35.310;1969.43;-18.23
35.330;1969.49;-19.86
35.350;1968.18;-20.12
35.370;1968.91;-19.49
35.390;1968.79;-20.03
35.410;1968.42;-21.38
35.430;1968.53;-19.76
35.450;1967.39;-19.69
35.470;1967.43;-18.23
35.490;1967.70;-19.80
35.510;1968.57;-19.77
35.530;1968.27;-19.30
35.550;1966.87;-19.11
35.570;1967.89;-18.69
35.590;1966.22;-20.37
35.610;1967.96;-19.12
35.630;1967.30;-19.21
35.650;1966.23;-18.11
35.670;1966.52;-18.24
35.690;1967.53;-18.81
35.710;1966.71;-19.44
35.730;1967.75;-19.84
35.750;1965.93;-20.66
35.770;1965.62;-19.80
35.790;1966.62;-20.04
35.810;1966.00;-19.29
35.830;1967.17;-21.03
35.850;1965.11;-20.46
35.870;1966.30;-20.20
35.890;1965.59;-19.74
35.910;1965.58;-19.43
35.930;1966.19;-18.56
35.950;1965.63;-19.52
35.970;1963.63;-19.68
35.990;1964.82;-19.37
36.010;1964.13;-20.26
36.030;1964.51;-19.01
36.050;1963.69;-20.05
36.070;1965.07;-19.24
36.090;1962.84;-20.06
36.110;1964.61;-19.65
36.130;1963.73;-19.88
36.150;1963.79;-19.94
36.170;1964.23;-18.68
36.190;1963.11;-18.28
36.210;1962.50;-18.31
36.230;1963.51;-18.81
36.250;1963.41;-20.58
36.270;1962.18;-20.39
36.290;1962.81;-20.24
36.310;1963.24;-20.82
36.330;1962.73;-20.67
36.350;1961.69;-19.95
36.370;1962.48;-17.76
36.390;1962.75;-19.71
36.410;1961.88;-19.55
36.430;1960.71;-20.27
36.450;1960.45;-20.72
36.470;1962.23;-20.46
36.490;1962.67;-20.04
36.510;1961.59;-20.10
36.530;1961.10;-19.36
36.550;1962.33;-19.72
36.570;1961.80;-20.38
36.590;1960.66;-19.49
36.610;1960.56;-21.53
36.630;1961.68;-20.21
36.650;1960.37;-20.25
36.670;1959.19;-20.51
36.690;1961.09;-19.86
36.710;1959.57;-20.67
36.730;1959.77;-19.93
36.750;1959.83;-18.91
36.770;1959.15;-19.15
36.790;1960.73;-19.91
36.810;1958.96;-20.38
36.830;1958.96;-20.05
36.850;1958.27;-18.90
36.870;1958.96;-19.75
36.890;1959.53;-19.37
36.910;1959.29;-20.12
36.930;1958.32;-20.08
36.950;1958.78;-19.30
36.970;1957.18;-19.41
36.990;1957.10;-21.57
37.010;1958.20;-19.09
37.030;1958.73;-20.13
37.050;1958.71;-20.14
37.070;1957.71;-20.54
37.090;1956.89;-21.45
37.110;1958.81;-20.64
37.130;1958.18;-18.72
37.150;1956.44;-20.60
37.170;1956.88;-19.49
37.190;1956.71;-18.98
37.210;1957.27;-18.65
37.230;1957.11;-18.95
37.250;1957.34;-19.87
37.270;1957.18;-18.67
37.290;1957.27;-18.88
37.310;1955.23;-20.55
37.330;1956.30;-20.44
37.350;1956.34;-19.56
37.370;1955.73;-19.48
37.390;1955.90;-19.99
37.410;1955.20;-18.22
37.430;1956.11;-19.68
37.450;1955.92;-18.86
37.470;1956.05;-20.27
37.490;1954.94;-20.87
37.510;1955.06;-18.14
37.530;1954.54;-18.54
37.550;1955.60;-19.40
37.570;1954.96;-19.34
37.590;1954.92;-18.99
37.610;1954.21;-20.14
37.630;1955.87;-20.13
37.650;1955.53;-18.13
37.670;1953.97;-18.56
37.690;1954.08;-20.52
37.710;1953.84;-20.08
37.730;1953.31;-20.07
37.750;1953.86;-18.51
37.770;1953.91;-18.64
37.790;1953.97;-19.01
37.810;1954.04;-18.39
37.830;1953.65;-21.02
37.850;1953.32;-19.96
37.870;1953.56;-20.14
37.890;1953.26;-18.60
37.910;1953.06;-19.20
37.930;1952.23;-19.72
37.950;1952.39;-18.67
37.970;1951.46;-18.38
37.990;1951.53;-19.78
38.010;1951.99;-19.74
38.030;1952.47;-18.93
38.050;1953.84;-20.24
38.070;1950.52;-19.18
38.090;1952.51;-19.99
38.110;1951.94;-18.37
38.130;1951.14;-18.25
38.150;1951.08;-21.26
38.170;1949.92;-19.83
38.190;1951.04;-19.69
38.210;1951.30;-19.94
38.230;1950.85;-20.38
38.250;1950.65;-18.83
38.270;1950.68;-19.88
38.290;1951.06;-19.39
38.310;1950.05;-20.71
38.330;1949.82;-18.97
38.350;1950.36;-19.60
38.370;1949.80;-18.97
38.390;1950.58;-19.55
38.410;1949.76;-21.03
38.430;1950.19;-19.52
38.450;1950.07;-19.77
38.470;1949.30;-20.59
38.490;1949.19;-18.14
38.510;1948.31;-19.44
38.530;1948.49;-20.14
38.550;1948.36;-20.28
38.570;1949.73;-18.97
38.590;1948.00;-21.33
38.610;1948.65;-19.32
38.630;1948.03;-20.06
38.650;1947.48;-19.76
38.670;1948.56;-21.91
38.690;1947.78;-19.48
38.710;1947.30;-18.98
38.730;1947.40;-19.85
38.750;1946.47;-19.84
38.770;1948.02;-19.10
38.790;1947.05;-18.87
38.810;1946.47;-20.25
38.830;1946.65;-20.20
38.850;1947.06;-19.88
38.870;1946.46;-20.99
38.890;1946.72;-18.16
38.910;1945.95;-21.25
38.930;1946.28;-19.02
38.950;1946.78;-19.19
38.970;1945.61;-19.22
38.990;1946.79;-19.32
39.010;1945.90;-18.48
39.030;1946.44;-19.29
39.050;1946.23;-19.54
39.070;1944.95;-18.70
39.090;1946.66;-19.14
39.110;1945.26;-20.25
39.130;1945.50;-20.56
39.150;1945.80;-19.25
39.170;1944.53;-18.53
39.190;1945.57;-19.92
39.210;1945.20;-19.02
39.230;1944.12;-20.23
39.250;1944.79;-20.02
39.270;1944.22;-19.48
39.290;1942.98;-18.62
39.310;1944.82;-20.49
39.330;1943.20;-20.55
39.350;1944.09;-19.06
39.370;1944.07;-19.86
39.390;1943.07;-18.58
39.410;1943.84;-19.46
39.430;1944.41;-19.69
39.450;1943.10;-21.66
39.470;1943.26;-19.50
39.490;1942.23;-19.88
39.510;1941.77;-19.95
39.530;1943.47;-19.20
39.550;1942.37;-19.95
39.570;1942.19;-19.43
39.590;1942.40;-20.32
39.610;1941.65;-20.02
39.630;1943.45;-19.07
39.650;1941.60;-20.62
39.670;1941.82;-20.00
39.690;1941.85;-20.66
39.710;1942.32;-20.16
39.730;1941.26;-19.35
39.750;1941.20;-19.55
39.770;1941.18;-20.28
39.790;1940.62;-19.81
39.810;1940.78;-17.79
39.830;1941.90;-20.24
39.850;1940.32;-21.25
39.870;1940.43;-20.37
39.890;1940.99;-19.24
39.910;1939.70;-20.55
39.930;1940.15;-19.50
39.950;1940.39;-19.32
39.970;1939.92;-20.08
39.990;1940.93;-20.02
40.010;1940.47;-19.71
40.030;1940.08;-20.02
40.050;1940.22;-19.62
40.070;1939.60;-20.58
40.090;1939.67;-21.23
40.110;1938.30;-19.76
40.130;1940.08;-20.53
40.150;1938.34;-19.30
40.170;1940.08;-20.00
40.190;1938.37;-21.85
40.210;1938.60;-20.50
40.230;1938.04;-19.72
40.250;1937.75;-20.33
40.270;1938.81;-20.69
40.290;1937.61;-20.25
40.310;1938.17;-18.85
40.330;1937.87;-19.76
40.350;1937.81;-21.33
40.370;1937.54;-20.03
40.390;1937.26;-19.76
40.410;1935.93;-19.79
40.430;1937.74;-18.99
40.450;1937.08;-18.30
40.470;1935.90;-20.26
40.490;1936.37;-18.67
40.510;1936.12;-20.87
40.530;1936.73;-18.82
40.550;1935.89;-19.34
40.570;1936.59;-18.74
40.590;1935.78;-20.71
40.610;1935.71;-19.13
40.630;1935.99;-18.79
40.650;1936.04;-18.50
40.670;1935.30;-19.37
40.690;1936.01;-21.07
40.710;1935.38;-19.24
40.730;1933.91;-17.81
40.750;1935.71;-18.67
40.770;1933.63;-17.65
40.790;1934.70;-18.60
40.810;1935.33;-18.15
40.830;1933.91;-20.37
40.850;1933.61;-18.30
40.870;1934.39;-18.60
40.890;1934.06;-20.78
40.910;1934.29;-18.58
40.930;1933.80;-19.75
40.950;1933.35;-19.75
40.970;1933.31;-20.92
40.990;1933.31;-19.22
41.010;1932.49;-19.93
41.030;1933.18;-18.46
41.050;1932.18;-18.30
41.070;1932.24;-20.13
41.090;1933.46;-19.41
41.110;1933.35;-18.26
41.130;1932.37;-20.37
41.150;1932.46;-18.78
41.170;1932.65;-19.00
41.190;1931.67;-17.95
41.210;1932.37;-18.09
41.230;1931.70;-19.01
41.250;1931.32;-19.04
41.270;1931.42;-19.87
41.290;1931.90;-19.00
41.310;1932.01;-19.03
41.330;1930.91;-18.54
41.350;1931.92;-20.04
41.370;1930.49;-17.51
41.390;1929.84;-18.26
41.410;1931.32;-19.02
41.430;1930.53;-18.08
41.450;1929.61;-19.50
41.470;1930.96;-18.97
41.490;1931.02;-18.50
41.510;1929.91;-20.00
41.530;1929.15;-19.49
41.550;1929.88;-19.84
41.570;1930.54;-20.89
41.590;1929.15;-19.44
41.610;1929.99;-20.14
41.630;1928.92;-19.93
41.650;1929.55;-19.31
41.670;1928.73;-20.56
41.690;1928.73;-18.20
41.710;1928.43;-19.00
41.730;1928.80;-19.94
41.750;1928.63;-18.93
41.770;1928.59;-19.57
41.790;1928.77;-19.34
41.810;1928.64;-20.05
41.830;1928.46;-19.66
41.850;1927.23;-20.88
41.870;1927.28;-19.21
41.890;1928.00;-20.25
41.910;1928.63;-20.79
41.930;1927.55;-20.28
41.950;1926.46;-19.72
41.970;1927.05;-19.34
41.990;1926.75;-19.22
42.010;1926.92;-18.79
42.030;1926.69;-20.39
42.050;1925.85;-19.62
42.070;1927.50;-19.87
42.090;1926.88;-20.44
42.110;1925.26;-20.90
42.130;1925.57;-19.78
42.150;1926.52;-20.22
42.170;1926.56;-20.56
42.190;1926.33;-20.81
42.210;1926.10;-20.07
42.230;1926.13;-19.47
42.250;1924.51;-20.10
42.270;1926.05;-19.52
42.290;1924.81;-20.62
42.310;1925.44;-19.46
42.330;1924.73;-20.19
42.350;1924.69;-18.68
42.370;1924.51;-18.81
42.390;1924.38;-19.60
42.410;1924.02;-21.40
42.430;1924.72;-19.07
42.450;1924.04;-19.21
42.470;1926.01;-20.72
42.490;1923.58;-20.78
42.510;1924.06;-20.09
42.530;1923.48;-18.68
42.550;1923.88;-19.03
42.570;1923.27;-20.31
42.590;1923.84;-20.23
42.610;1921.59;-19.14
42.630;1923.01;-18.22
42.650;1922.88;-20.29
42.670;1922.97;-18.60
42.690;1923.38;-19.18
42.710;1922.88;-18.83
42.730;1922.00;-19.40
42.750;1922.54;-18.50
42.770;1921.14;-19.39
42.790;1921.99;-19.05
42.810;1921.60;-20.30
42.830;1921.93;-19.11
42.850;1921.86;-20.35
42.870;1921.22;-20.76
42.890;1920.37;-19.05
42.910;1921.67;-20.79
42.930;1921.45;-18.34
42.950;1921.65;-17.19
42.970;1921.40;-20.26
42.990;1919.96;-19.08
43.010;1918.88;-20.25
43.030;1920.59;-21.49
43.050;1920.46;-19.71
43.070;1920.41;-18.77
43.090;1919.92;-20.20
43.110;1920.03;-19.03
43.130;1919.95;-18.75
43.150;1919.81;-17.68
43.170;1919.10;-20.01
43.190;1918.59;-18.25
43.210;1919.11;-19.76
43.230;1919.04;-19.19
43.250;1919.16;-19.57
43.270;1918.58;-18.40
43.290;1918.31;-20.51
43.310;1918.64;-20.25
43.330;1919.11;-20.35
43.350;1918.80;-20.07
43.370;1917.52;-20.36
43.390;1917.97;-19.07
43.410;1916.99;-19.27
43.430;1918.28;-18.42
43.450;1917.41;-21.01
43.470;1916.87;-20.12
43.490;1918.27;-18.58
43.510;1917.62;-19.52
43.530;1916.38;-19.07
43.550;1918.20;-19.74
43.570;1917.59;-20.44
43.590;1915.93;-19.13
43.610;1916.75;-20.38
43.630;1916.41;-20.26
43.650;1916.55;-19.08
43.670;1916.11;-19.77
43.690;1916.31;-18.48
43.710;1916.84;-18.82
43.730;1915.96;-19.64
43.750;1915.08;-19.45
43.770;1914.84;-19.02
43.790;1915.58;-20.55
43.810;1915.09;-19.98
43.830;1915.23;-19.63
43.850;1914.45;-18.27
43.870;1914.39;-20.00
43.890;1914.67;-20.26
43.910;1915.11;-20.23
43.930;1915.29;-20.12
43.950;1913.20;-19.32
43.970;1913.31;-20.18
43.990;1915.52;-19.73
44.010;1914.74;-19.89
44.030;1914.07;-18.96
44.050;1913.79;-18.99
44.070;1911.59;-19.69
44.090;1911.85;-19.99
44.110;1914.15;-20.19
44.130;1912.77;-19.33
44.150;1912.32;-19.90
44.170;1912.45;-18.48
44.190;1912.59;-19.52
44.210;1912.48;-18.59
44.230;1913.52;-18.84
44.250;1913.16;-19.83
44.270;1912.41;-20.65
44.290;1912.10;-19.79
44.310;1911.54;-19.83
44.330;1910.71;-20.99
44.350;1910.87;-18.90
44.370;1911.12;-20.66
44.390;1911.68;-19.21
44.410;1911.39;-20.11
44.430;1911.01;-20.54
44.450;1910.03;-18.46
44.470;1910.93;-19.27
44.490;1910.88;-20.19
44.510;1911.36;-19.49
44.530;1910.88;-19.94
44.550;1910.20;-19.01
44.570;1909.12;-21.98
44.590;1909.76;-20.85
44.610;1909.21;-20.26
44.630;1909.78;-20.28
44.650;1910.12;-19.76
44.670;1908.24;-19.63
44.690;1908.64;-19.34
44.710;1908.95;-18.60
44.730;1909.45;-19.51
44.750;1908.08;-18.52
44.770;1909.59;-19.08
44.790;1908.22;-19.39
44.810;1908.15;-19.82
44.830;1908.04;-17.39
44.850;1908.54;-19.01
44.870;1908.98;-18.31
44.890;1907.42;-20.03
44.910;1907.21;-19.03
44.930;1908.64;-18.94
44.950;1908.58;-18.70
44.970;1907.85;-19.91
44.990;1907.05;-20.53
45.010;1906.76;-18.59
45.030;1906.05;-19.19
45.050;1907.14;-19.61
45.070;1907.99;-19.27
45.090;1907.42;-18.21
45.110;1906.57;-18.16
45.130;1906.33;-18.22
45.150;1906.66;-19.47
45.170;1905.65;-20.92
45.190;1906.35;-20.03
45.210;1905.10;-17.88
45.230;1905.88;-18.59
45.250;1906.17;-18.32
45.270;1905.54;-20.35
45.290;1904.67;-18.14
45.310;1905.02;-19.39
45.330;1906.35;-20.74
45.350;1906.08;-19.29
45.370;1904.14;-19.73
45.390;1904.57;-19.90
45.410;1904.56;-18.51
45.430;1905.59;-19.80
45.450;1904.05;-19.79
45.470;1905.24;-19.46
45.490;1903.79;-19.92
45.510;1903.50;-19.16
45.530;1905.29;-17.83
45.550;1903.84;-18.89
45.570;1903.83;-18.42
45.590;1904.07;-20.82
45.610;1903.14;-20.93
45.630;1902.84;-19.57
45.650;1902.67;-18.62
45.670;1903.70;-19.33
45.690;1903.67;-19.24
45.710;1903.03;-18.78
45.730;1902.67;-20.28
45.750;1902.03;-19.52
45.770;1902.98;-19.95
45.790;1900.83;-19.89
45.810;1902.06;-19.65
45.830;1901.15;-19.62
45.850;1900.78;-18.92
45.870;1900.92;-19.34
45.890;1901.76;-19.37
45.910;1901.78;-18.56
45.930;1900.95;-20.85
45.950;1901.57;-19.65
45.970;1900.82;-18.62
45.990;1898.72;-19.45
46.010;1900.55;-18.88
46.030;1900.08;-18.40
46.050;1899.06;-19.77
46.070;1900.20;-19.47
46.090;1900.28;-19.07
46.110;1899.80;-17.32
46.130;1899.57;-19.55
46.150;1899.11;-18.04
46.170;1899.65;-17.70
46.190;1899.14;-19.03
46.210;1898.83;-18.69
46.230;1899.14;-20.19
46.250;1898.51;-20.22
46.270;1899.10;-19.63
46.290;1898.20;-17.30
46.310;1899.11;-18.56
46.330;1899.43;-18.86
46.350;1897.85;-19.18
46.370;1897.48;-17.86
46.390;1898.40;-19.66
46.410;1896.91;-19.09
46.430;1897.14;-19.70
46.450;1897.14;-19.25
46.470;1897.68;-18.44
46.490;1897.21;-18.86
46.510;1897.03;-18.90
46.530;1896.44;-19.80
46.550;1896.53;-18.80
46.570;1896.44;-19.19
46.590;1897.59;-19.48
46.610;1896.00;-20.56
46.630;1896.32;-18.54
46.650;1897.52;-20.20
46.670;1895.40;-19.45
46.690;1895.09;-18.45
46.710;1896.48;-19.81
46.730;1896.01;-18.34
46.750;1894.55;-17.93
46.770;1895.03;-20.07
46.790;1895.04;-19.50
46.810;1895.17;-20.69
46.830;1895.58;-18.90
46.850;1895.49;-20.42
46.870;1894.32;-19.72
46.890;1894.52;-20.39
46.910;1893.17;-20.56
46.930;1893.69;-18.98
46.950;1892.82;-19.85
46.970;1893.90;-19.85
46.990;1893.86;-19.45
47.010;1893.05;-20.17
47.030;1894.24;-20.27
47.050;1893.23;-19.84
47.070;1892.64;-21.39
47.090;1893.62;-20.09
47.110;1891.73;-19.63
47.130;1892.66;-20.36
47.150;1892.17;-18.84
47.170;1891.86;-20.37
47.190;1890.97;-19.89
47.210;1891.59;-21.03
47.230;1891.93;-20.83
47.250;1891.20;-20.12
47.270;1891.42;-19.05
47.290;1891.67;-20.89
47.310;1890.36;-20.05
47.330;1891.48;-19.58
47.350;1891.47;-18.39
47.370;1890.45;-19.70
47.390;1891.24;-18.43
47.410;1890.22;-19.73
47.430;1891.69;-19.03
47.450;1891.70;-20.48
47.470;1889.00;-19.78
47.490;1890.78;-19.67
47.510;1890.62;-18.84
47.530;1889.41;-18.79
47.550;1889.32;-19.78
47.570;1890.09;-19.40
47.590;1888.92;-21.15
47.610;1889.62;-21.87
47.630;1888.62;-20.20
47.650;1888.74;-21.38
47.670;1890.69;-19.88
47.690;1889.34;-19.93
47.710;1889.45;-19.70
47.730;1888.32;-20.81
47.750;1888.74;-18.86
47.770;1888.69;-21.10
47.790;1887.62;-20.01
47.810;1888.01;-20.24
47.830;1887.28;-18.88
47.850;1888.03;-20.68
47.870;1887.04;-20.10
47.890;1887.91;-19.48
47.910;1886.55;-18.28
47.930;1887.28;-19.32
47.950;1886.84;-21.06
47.970;1885.81;-19.65
47.990;1886.86;-19.67
48.010;1886.94;-20.90
48.030;1886.70;-19.50
48.050;1886.26;-19.35
48.070;1885.44;-19.68
48.090;1885.72;-18.63
48.110;1886.87;-19.37
48.130;1885.17;-19.97
48.150;1886.41;-18.71
48.170;1885.81;-17.81
48.190;1885.02;-20.15
48.210;1885.66;-19.61
48.230;1885.12;-20.12
48.250;1883.58;-20.60
48.270;1884.87;-19.94
48.290;1884.82;-18.07
48.310;1884.72;-18.48
48.330;1885.83;-22.73
48.350;1883.50;-19.59
48.370;1883.81;-19.98
48.390;1884.11;-18.20
48.410;1884.48;-18.45
48.430;1885.32;-17.89
48.450;1883.36;-19.43
48.470;1882.40;-19.92
48.490;1882.86;-20.20
48.510;1883.10;-19.98
48.530;1883.20;-17.93
48.550;1882.64;-17.58
48.570;1883.55;-18.93
48.590;1883.40;-19.19
48.610;1882.15;-19.84
48.630;1883.31;-19.82
48.650;1881.03;-18.83
48.670;1881.76;-19.55
48.690;1881.62;-20.40
48.710;1881.75;-18.42
48.730;1882.75;-19.62
48.750;1882.53;-18.85
48.770;1881.21;-18.99
48.790;1882.48;-18.84
48.810;1881.94;-20.76
48.830;1880.41;-17.29
48.850;1880.49;-18.93
48.870;1879.73;-18.20
48.890;1881.09;-19.90
48.910;1880.26;-18.26
48.930;1881.05;-18.85
48.950;1880.22;-18.86
48.970;1880.88;-19.41
48.990;1880.26;-18.68
49.010;1879.49;-19.49
49.030;1880.49;-19.72
49.050;1879.11;-19.60
49.070;1880.41;-20.90
49.090;1879.76;-20.34
49.110;1879.37;-21.10
49.130;1879.65;-19.36
49.150;1879.69;-17.81
49.170;1878.62;-19.41
49.190;1878.34;-19.89
49.210;1879.08;-19.53
49.230;1878.36;-18.99
49.250;1878.25;-19.88
49.270;1877.77;-19.12
49.290;1877.82;-18.64
49.310;1878.80;-19.18
49.330;1878.72;-20.75
49.350;1878.75;-20.41
49.370;1877.90;-20.71
49.390;1876.90;-20.32
49.410;1877.61;-19.87
49.430;1876.93;-19.23
49.450;1876.68;-20.16
49.470;1877.35;-20.40
49.490;1875.92;-20.73
49.510;1876.81;-19.77
49.530;1875.31;-19.85
49.550;1875.45;-20.12
49.570;1876.42;-20.53
49.590;1876.35;-19.10
49.610;1876.43;-18.45
49.630;1876.02;-20.18
49.650;1875.35;-19.54
49.670;1875.72;-19.51
49.690;1874.93;-19.32
49.710;1875.26;-19.69
49.730;1874.94;-19.50
49.750;1874.88;-19.09
49.770;1875.32;-18.31
49.790;1873.94;-21.49
49.810;1874.81;-19.41
49.830;1874.73;-17.96
49.850;1874.25;-19.51
49.870;1874.43;-17.57
49.890;1875.47;-19.54
49.910;1873.95;-19.13
49.930;1875.56;-19.87
49.950;1874.63;-19.72
49.970;1873.57;-18.76
49.990;1872.51;-18.63
50.010;1873.01;-18.97
50.030;1873.80;-20.20
50.050;1873.51;-19.83
50.070;1872.95;-19.54
50.090;1872.83;-18.60
50.110;1872.54;-20.10
50.130;1872.35;-18.61
50.150;1871.64;-20.54
50.170;1871.43;-18.67
50.190;1873.28;-19.17
50.210;1872.51;-20.53
50.230;1872.43;-20.60
50.250;1871.70;-20.38
50.270;1871.13;-20.27
50.290;1871.53;-18.74
50.310;1871.39;-19.06
50.330;1871.60;-17.79
50.350;1871.35;-18.58
50.370;1871.49;-19.67
50.390;1870.87;-18.79
50.410;1871.30;-19.49
50.430;1870.15;-19.09
50.450;1870.59;-18.95
50.470;1870.53;-19.70
50.490;1870.63;-19.10
50.510;1869.79;-18.74
50.530;1870.11;-18.94
50.550;1871.18;-20.10
50.570;1869.11;-19.45
50.590;1868.77;-20.45
50.610;1869.41;-18.86
50.630;1870.11;-20.28
50.650;1868.13;-17.91
50.670;1868.93;-18.72
50.690;1867.39;-19.04
50.710;1869.14;-19.39
50.730;1869.31;-19.02
50.750;1868.50;-18.83
50.770;1867.04;-21.17
50.790;1868.67;-19.92
50.810;1869.11;-19.56
50.830;1867.17;-19.33
50.850;1867.40;-19.52
50.870;1867.53;-19.97
50.890;1867.52;-20.58
50.910;1867.91;-19.57
50.930;1867.10;-20.08
50.950;1866.25;-18.26
50.970;1866.90;-19.81
50.990;1867.33;-18.31
51.010;1865.41;-19.76
51.030;1865.51;-19.66
51.050;1866.07;-19.26
51.070;1866.95;-19.22
51.090;1866.13;-18.61
51.110;1867.52;-19.92
51.130;1866.05;-21.06
51.150;1866.17;-19.66
51.170;1866.50;-20.98
51.190;1866.58;-19.23
51.210;1865.41;-19.77
51.230;1864.64;-18.89
51.250;1863.90;-19.60
51.270;1864.73;-20.44
51.290;1865.51;-19.24
51.310;1863.64;-18.89
51.330;1863.58;-18.92
51.350;1864.79;-20.60
51.370;1863.21;-20.79
51.390;1864.57;-20.47
51.410;1863.63;-20.54
51.430;1863.81;-20.50
51.450;1864.96;-19.78
51.470;1863.62;-19.89
51.490;1863.56;-19.92
51.510;1862.96;-19.81
51.530;1863.77;-21.20
51.550;1863.29;-20.51
51.570;1862.97;-20.31
51.590;1862.63;-19.31
51.610;1862.51;-18.57
51.630;1862.99;-19.20
51.650;1862.22;-20.10
51.670;1862.25;-18.30
51.690;1862.02;-19.82
51.710;1862.95;-19.06
51.730;1861.74;-20.84
51.750;1860.65;-19.78
51.770;1861.59;-20.72
51.790;1861.59;-20.82
51.810;1861.20;-18.83
51.830;1860.93;-18.99
51.850;1861.52;-19.79
51.870;1860.70;-19.48
51.890;1860.37;-19.98
51.910;1861.22;-19.93
51.930;1861.47;-20.12
51.950;1861.24;-18.03
51.970;1859.73;-20.99
51.990;1859.74;-19.09
52.010;1858.90;-19.09
52.030;1859.60;-18.78
52.050;1859.32;-20.76
52.070;1858.62;-19.26
52.090;1859.12;-19.51
52.110;1860.24;-18.69
52.130;1858.85;-20.73
52.150;1859.79;-19.44
52.170;1859.12;-19.66
52.190;1859.49;-19.60
52.210;1858.71;-19.95
52.230;1859.21;-20.58
52.250;1858.27;-20.11
52.270;1858.17;-20.51
52.290;1858.36;-19.50
52.310;1857.91;-18.67
52.330;1858.05;-20.78
52.350;1857.42;-18.94
52.370;1857.32;-20.50
52.390;1857.29;-19.42
52.410;1855.99;-18.05
52.430;1857.68;-20.07
52.450;1856.21;-19.87
52.470;1856.82;-20.55
52.490;1856.95;-19.18
52.510;1856.27;-19.29
52.530;1855.89;-19.72
52.550;1855.84;-19.97
52.570;1855.68;-21.18
52.590;1856.39;-19.61
52.610;1854.77;-19.84
52.630;1855.08;-20.12
52.650;1855.95;-20.98
52.670;1855.76;-21.66
52.690;1854.95;-20.21
52.710;1854.73;-20.08
52.730;1855.23;-18.86
52.750;1855.59;-19.36
52.770;1854.84;-20.41
52.790;1854.11;-20.07
52.810;1855.17;-20.46
52.830;1853.91;-20.51
52.850;1854.29;-20.50
52.870;1853.42;-19.28
52.890;1854.18;-19.23
52.910;1853.62;-19.63
52.930;1854.05;-20.35
52.950;1853.20;-18.96
52.970;1852.88;-19.05
52.990;1853.95;-19.34
53.010;1853.96;-20.06
53.030;1853.05;-20.84
53.050;1853.65;-20.34
53.070;1853.32;-17.30
53.090;1852.80;-21.05
53.110;1851.99;-19.15
53.130;1852.01;-20.42
53.150;1853.21;-19.16
53.170;1851.92;-19.94
53.190;1852.05;-20.14
53.210;1852.46;-20.27
53.230;1852.37;-19.53
53.250;1852.04;-18.70
53.270;1851.61;-21.06
53.290;1852.03;-20.57
53.310;1851.23;-20.93
53.330;1851.73;-18.09
53.350;1850.77;-19.70
53.370;1850.94;-19.83
53.390;1850.98;-18.44
53.410;1852.10;-18.95
53.430;1850.63;-17.16
53.450;1849.82;-19.53
53.470;1850.28;-21.07
53.490;1851.06;-20.08
53.510;1850.10;-19.01
53.530;1849.52;-19.41
53.550;1849.68;-18.87
53.570;1849.31;-19.07
53.590;1851.38;-20.17
53.610;1850.86;-19.53
53.630;1849.06;-21.12
53.650;1848.11;-19.13
53.670;1850.13;-19.77
53.690;1848.78;-19.75
53.710;1848.71;-18.70
53.730;1849.13;-19.54
53.750;1848.79;-20.17
53.770;1847.98;-19.18
53.790;1847.78;-18.90
53.810;1848.90;-18.44
53.830;1847.70;-19.45
53.850;1847.80;-19.68
53.870;1846.82;-20.43
53.890;1848.72;-19.43
53.910;1846.87;-18.34
53.930;1846.87;-20.09
53.950;1848.33;-20.04
53.970;1848.84;-19.40
53.990;1846.19;-17.59
54.010;1847.02;-19.40
54.030;1846.89;-17.35
54.050;1845.85;-19.04
54.070;1846.67;-19.24
54.090;1845.07;-19.20
54.110;1846.33;-19.78
54.130;1846.27;-19.45
54.150;1846.49;-19.75
54.170;1846.14;-19.38
54.190;1844.66;-19.03
54.210;1845.96;-19.37
54.230;1846.56;-20.03
54.250;1844.74;-19.49
54.270;1847.00;-21.63
54.290;1846.44;-20.01
54.310;1843.75;-20.14
54.330;1844.96;-18.56
54.350;1844.93;-20.04
54.370;1845.23;-19.40
54.390;1844.46;-19.69
54.410;1845.06;-19.13
54.430;1843.62;-19.97
54.450;1843.77;-19.38
54.470;1843.05;-20.79
54.490;1844.92;-19.13
54.510;1843.76;-19.49
54.530;1843.77;-20.06
54.550;1842.98;-19.79
54.570;1843.55;-20.80
54.590;1843.10;-18.60
54.610;1842.92;-18.70
54.630;1842.68;-19.31
54.650;1841.82;-19.90
54.670;1843.73;-19.69
54.690;1843.28;-19.63
54.710;1843.25;-19.80
54.730;1842.41;-20.13
54.750;1842.28;-20.59
54.770;1842.03;-18.99
54.790;1842.42;-19.82
54.810;1841.87;-18.42
54.830;1842.56;-18.53
54.850;1841.48;-19.90
54.870;1841.43;-19.22
54.890;1841.44;-19.10
54.910;1840.83;-18.81
54.930;1841.75;-18.55
54.950;1841.60;-20.87
54.970;1840.95;-20.11
54.990;1840.49;-20.08
55.010;1840.74;-19.40
55.030;1840.23;-19.21
55.050;1839.54;-19.57
55.070;1840.78;-21.04
55.090;1840.03;-19.28
55.110;1840.76;-18.70
55.130;1838.25;-18.43
55.150;1840.06;-19.83
55.170;1840.04;-21.11
55.190;1839.82;-18.49
55.210;1839.19;-19.14
55.230;1838.17;-20.46
55.250;1839.69;-20.34
55.270;1839.63;-18.61
55.290;1840.14;-20.77
55.310;1839.96;-17.95
55.330;1838.96;-18.75
55.350;1838.61;-21.00
55.370;1838.51;-19.82
55.390;1838.22;-20.62
55.410;1838.63;-19.67
55.430;1836.42;-19.64
55.450;1838.36;-19.93
55.470;1838.20;-20.47
55.490;1838.08;-21.21
55.510;1837.65;-18.71
55.530;1838.27;-19.66
55.550;1838.07;-20.35
55.570;1836.43;-21.31
55.590;1837.78;-20.82
55.610;1837.64;-18.73
55.630;1837.25;-19.98
55.650;1836.06;-20.13
55.670;1836.98;-18.58
55.690;1836.65;-18.83
55.710;1836.45;-19.78
55.730;1835.92;-20.91
55.750;1836.19;-19.44
55.770;1836.80;-19.14
55.790;1836.15;-19.06
55.810;1836.30;-18.66
55.830;1835.31;-18.67
55.850;1835.75;-19.90
55.870;1835.68;-20.08
55.890;1835.89;-19.83
55.910;1834.89;-18.80
55.930;1834.88;-20.90
55.950;1835.92;-20.23
55.970;1834.62;-20.13
55.990;1834.53;-18.88
56.010;1835.19;-19.69
56.030;1833.85;-17.88
56.050;1834.10;-18.26
56.070;1833.55;-20.07
56.090;1833.09;-21.16
56.110;1834.28;-19.60
56.130;1833.17;-19.15
56.150;1833.39;-18.13
56.170;1833.04;-19.03
56.190;1832.43;-19.67
56.210;1833.04;-19.71
56.230;1833.82;-21.29
56.250;1831.86;-19.83
56.270;1833.12;-19.78
56.290;1833.41;-20.25
56.310;1833.19;-19.52
56.330;1832.79;-18.91
56.350;1832.20;-19.28
56.370;1832.67;-19.77
56.390;1832.45;-19.73
56.410;1832.32;-19.03
56.430;1831.96;-18.15
56.450;1831.90;-18.34
56.470;1831.97;-19.15
56.490;1830.43;-19.30
56.510;1830.83;-17.74
56.530;1831.61;-19.73
56.550;1830.96;-19.57
56.570;1830.62;-18.84
56.590;1831.84;-20.09
56.610;1830.67;-18.30
56.630;1830.50;-17.40
56.650;1829.95;-18.44
56.670;1830.02;-20.29
56.690;1829.95;-19.44
56.710;1831.81;-17.82
56.730;1829.58;-18.73
56.750;1828.85;-19.46
56.770;1829.56;-19.82
56.790;1829.44;-19.52
56.810;1829.24;-19.90
56.830;1829.52;-18.89
56.850;1829.61;-21.30
56.870;1827.67;-19.61
56.890;1830.44;-21.16
56.910;1829.72;-19.69
56.930;1829.24;-18.95
56.950;1828.83;-18.76
56.970;1828.28;-19.51
56.990;1828.92;-19.84
57.010;1828.04;-18.08
57.030;1828.56;-20.20
57.050;1828.60;-19.66
57.070;1828.21;-19.95
57.090;1826.98;-20.03
57.110;1828.45;-20.16
57.130;1827.57;-20.98
57.150;1827.95;-20.48
57.170;1826.60;-18.99
57.190;1826.21;-19.56
57.210;1826.32;-19.53
57.230;1826.34;-18.96
57.250;1826.18;-18.88
57.270;1826.01;-20.82
57.290;1825.86;-19.31
57.310;1825.72;-20.01
57.330;1824.59;-18.24
57.350;1826.76;-19.81
57.370;1825.65;-19.58
57.390;1825.95;-20.00
57.410;1825.78;-18.46
57.430;1824.61;-18.97
57.450;1826.00;-18.49
57.470;1824.77;-20.90
57.490;1825.13;-20.10
57.510;1825.84;-20.21
57.530;1825.32;-19.06
57.550;1824.94;-18.65
57.570;1824.32;-20.63
57.590;1824.20;-19.25
57.610;1824.29;-21.41
57.630;1824.89;-20.56
57.650;1823.79;-20.50
57.670;1824.00;-19.11
57.690;1824.10;-19.29
57.710;1824.33;-19.81
57.730;1823.53;-19.73
57.750;1823.29;-19.58
57.770;1824.00;-20.10
57.790;1822.76;-19.54
57.810;1822.91;-20.11
57.830;1822.42;-20.54
57.850;1822.88;-21.06
57.870;1822.93;-18.81
57.890;1822.23;-19.69
57.910;1820.90;-19.71
57.930;1822.35;-18.35
57.950;1822.08;-17.70
57.970;1821.93;-18.96
57.990;1822.80;-20.07
58.010;1822.30;-18.47
58.030;1821.45;-16.91
58.050;1821.63;-17.94
58.070;1821.76;-19.35
58.090;1820.95;-18.63
58.110;1821.12;-19.47
58.130;1819.63;-18.77
58.150;1820.46;-19.73
58.170;1820.96;-19.51
58.190;1821.19;-18.57
58.210;1820.76;-18.25
58.230;1821.34;-18.44
58.250;1820.53;-19.92
58.270;1820.25;-19.30
58.290;1820.11;-19.21
58.310;1819.97;-19.50
58.330;1820.27;-17.46
58.350;1819.16;-18.13
58.370;1819.09;-19.06
58.390;1820.71;-18.62
58.410;1819.80;-20.15
58.430;1818.77;-19.73
58.450;1818.65;-19.91
58.470;1818.08;-18.70
58.490;1817.33;-17.75
58.510;1818.66;-17.76
58.530;1817.45;-19.63
58.550;1817.57;-18.93
58.570;1817.50;-18.59
58.590;1818.45;-20.10
58.610;1817.79;-19.99
58.630;1817.61;-18.79
58.650;1817.83;-20.10
58.670;1817.32;-18.87
58.690;1817.17;-18.19
58.710;1817.43;-19.91
58.730;1816.65;-19.11
58.750;1817.94;-21.00
58.770;1815.38;-19.30
58.790;1817.27;-20.55
58.810;1816.08;-19.27
58.830;1816.76;-19.81
58.850;1816.19;-19.13
58.870;1816.02;-19.65
58.890;1817.05;-20.78
58.910;1815.42;-18.25
58.930;1816.36;-19.11
58.950;1816.16;-20.03
58.970;1815.27;-19.69
58.990;1815.19;-20.65
59.010;1813.81;-21.38
59.030;1814.99;-20.84
59.050;1815.92;-19.03
59.070;1814.40;-19.64
59.090;1814.55;-20.65
59.110;1814.54;-19.80
59.130;1813.83;-20.40
59.150;1813.55;-20.95
59.170;1814.92;-21.47
59.190;1814.49;-19.40
59.210;1813.90;-20.42
59.230;1813.29;-18.08
59.250;1813.23;-19.04
59.270;1813.43;-20.11
59.290;1813.45;-19.18
59.310;1812.04;-21.07
59.330;1813.43;-19.16
59.350;1811.58;-19.76
59.370;1812.85;-19.37
59.390;1811.82;-18.90
59.410;1812.48;-18.16
59.430;1813.64;-17.92
59.450;1811.78;-19.98
59.470;1811.58;-20.31
59.490;1811.95;-18.96
59.510;1812.56;-18.40
59.530;1810.93;-18.76
59.550;1811.50;-19.31
59.570;1811.80;-19.70
59.590;1811.31;-17.57
59.610;1811.50;-19.67
59.630;1809.93;-20.15
59.650;1811.12;-19.58
59.670;1810.18;-20.19
59.690;1810.45;-21.33
59.710;1810.08;-20.14
59.730;1810.25;-19.74
59.750;1809.05;-20.29
59.770;1810.36;-20.25
59.790;1810.03;-18.72
59.810;1809.27;-20.62
59.830;1809.87;-19.12
59.850;1809.69;-19.15
59.870;1809.03;-19.54
59.890;1809.56;-20.70
59.910;1809.88;-19.49
59.930;1807.95;-19.80
59.950;1809.40;-18.83
59.970;1808.18;-19.73
59.990;1808.39;-18.48
60.010;1808.07;-19.63
60.030;1807.58;-19.87
60.050;1808.69;-19.10
60.070;1807.42;-17.98
60.090;1807.63;-19.24
60.110;1808.04;-17.59
60.130;1807.30;-20.31
60.150;1807.43;-18.70
60.170;1807.34;-18.57
60.190;1807.16;-19.17
60.210;1807.61;-20.71
60.230;1807.20;-21.27
60.250;1807.31;-18.99
60.270;1806.93;-20.94
60.290;1806.24;-18.84
60.310;1807.17;-19.99
60.330;1806.44;-21.16
60.350;1805.86;-20.35
60.370;1806.09;-19.55
60.390;1805.90;-20.07
60.410;1805.55;-19.95
60.430;1806.01;-20.17
60.450;1805.26;-18.98
60.470;1805.07;-19.37
60.490;1804.81;-19.53
60.510;1805.35;-19.72
60.530;1804.97;-20.37
60.550;1804.60;-19.92
60.570;1804.87;-20.42
60.590;1804.55;-18.82
60.610;1804.24;-19.53
60.630;1804.30;-20.17
60.650;1803.86;-20.75
60.670;1804.01;-18.60
60.690;1804.71;-19.27
60.710;1803.95;-20.16
60.730;1804.57;-19.61
60.750;1804.28;-20.18
60.770;1802.46;-21.05
60.790;1801.90;-19.31
60.810;1802.20;-18.55
60.830;1802.65;-19.70
60.850;1802.41;-19.19
60.870;1802.75;-20.49
60.890;1801.43;-20.64
60.910;1802.21;-19.20
60.930;1802.10;-19.56
60.950;1801.66;-19.37
60.970;1801.41;-19.25
60.990;1801.33;-20.40
61.010;1801.22;-20.38
61.030;1800.99;-20.17
61.050;1801.58;-20.66
61.070;1802.20;-20.98
61.090;1801.11;-19.45
61.110;1801.19;-20.76
61.130;1799.89;-19.00
61.150;1801.28;-20.01
61.170;1800.62;-18.80
61.190;1800.27;-18.85
61.210;1800.01;-20.37
61.230;1799.67;-20.08
61.250;1800.09;-19.47
61.270;1799.39;-19.47
61.290;1799.98;-18.03
61.310;1799.68;-18.67
61.330;1799.15;-20.00
61.350;1799.52;-20.38
61.370;1799.22;-20.73
61.390;1799.38;-20.88
61.410;1798.56;-19.97
61.430;1799.32;-19.98
61.450;1798.69;-20.21
61.470;1799.13;-18.45
61.490;1799.18;-17.97
61.510;1797.88;-19.89
61.530;1798.96;-20.02
61.550;1797.58;-18.93
61.570;1798.26;-18.73
61.590;1798.30;-20.16
61.610;1796.66;-18.63
61.630;1796.84;-21.88
61.650;1798.27;-21.09
61.670;1797.24;-19.58
61.690;1797.97;-21.32
61.710;1797.00;-19.25
61.730;1796.11;-19.30
61.750;1795.93;-19.20
61.770;1796.57;-19.05
61.790;1796.33;-18.67
61.810;1795.83;-19.11
61.830;1795.66;-21.15
61.850;1795.83;-18.65
61.870;1796.20;-20.09
61.890;1796.15;-20.72
61.910;1794.97;-20.86
61.930;1795.49;-20.90
61.950;1794.10;-20.02
61.970;1793.86;-19.32
61.990;1794.63;-20.71
62.010;1794.77;-19.46
62.030;1794.73;-18.68
62.050;1793.90;-18.53
62.070;1794.32;-20.04
62.090;1793.67;-19.12
62.110;1794.39;-19.79
62.130;1793.66;-20.96
62.150;1793.85;-19.95
62.170;1793.84;-18.04
62.190;1794.55;-18.86
62.210;1793.07;-19.45
62.230;1793.22;-19.50
62.250;1793.41;-19.07
62.270;1793.57;-19.69
62.290;1792.69;-19.65
62.310;1792.74;-21.88
62.330;1792.26;-19.06
62.350;1792.85;-18.29
62.370;1792.70;-19.73
62.390;1791.90;-19.31
62.410;1792.93;-20.68
62.430;1791.94;-20.06
62.450;1792.87;-18.53
62.470;1790.38;-19.76
62.490;1791.97;-21.21
62.510;1792.03;-19.54
62.530;1791.91;-20.47
62.550;1791.18;-19.31
62.570;1791.78;-19.88
62.590;1790.14;-19.27
62.610;1790.27;-19.27
62.630;1791.31;-20.09
62.650;1791.74;-20.02
62.670;1790.17;-18.27
62.690;1789.41;-18.71
62.710;1788.88;-20.15
62.730;1790.04;-19.64
62.750;1790.28;-19.58
62.770;1790.05;-20.39
62.790;1789.46;-18.63
62.810;1790.53;-19.84
62.830;1789.99;-18.72
62.850;1789.26;-19.35
62.870;1789.50;-19.18
62.890;1789.95;-19.76
62.910;1790.19;-19.94
62.930;1788.41;-19.71
62.950;1789.08;-19.83
62.970;1788.55;-21.15
62.990;1788.12;-19.29
63.010;1788.62;-21.48
63.030;1788.15;-21.39
63.050;1788.94;-19.91
63.070;1787.81;-19.20
63.090;1789.22;-18.86
63.110;1787.06;-17.99
63.130;1789.08;-21.07
63.150;1788.17;-19.44
63.170;1787.53;-19.11
63.190;1786.69;-17.90
63.210;1787.34;-19.00
63.230;1786.43;-19.90
63.250;1787.49;-18.94
63.270;1787.57;-20.57
63.290;1785.98;-19.27
63.310;1785.94;-20.04
63.330;1785.34;-17.95
63.350;1786.71;-20.57
63.370;1785.76;-17.40
63.390;1786.14;-18.97
63.410;1785.51;-19.47
63.430;1784.97;-18.63
63.450;1785.14;-19.51
63.470;1784.88;-18.72
63.490;1785.22;-18.96
63.510;1785.63;-19.91
63.530;1784.53;-18.00
63.550;1785.18;-19.04
63.570;1783.92;-18.53
63.590;1785.33;-19.36
63.610;1784.12;-20.04
63.630;1784.35;-18.58
63.650;1784.61;-19.35
63.670;1783.25;-18.38
63.690;1783.41;-19.34
63.710;1783.09;-18.74
63.730;1783.59;-19.45
63.750;1782.50;-19.67
63.770;1784.11;-18.56
63.790;1783.18;-19.60
63.810;1784.32;-19.58
63.830;1783.68;-18.33
63.850;1782.15;-20.29
63.870;1782.22;-21.01
63.890;1781.57;-18.47
63.910;1782.43;-19.29
63.930;1782.31;-19.75
63.950;1781.89;-20.42
63.970;1781.26;-21.33
63.990;1782.89;-19.31
64.010;1780.96;-20.31
64.030;1781.55;-21.04
64.050;1782.17;-19.73
64.070;1780.99;-19.55
64.090;1780.65;-20.43
64.110;1780.48;-19.08
64.130;1780.75;-20.10
64.150;1781.67;-18.56
64.170;1780.44;-20.86
64.190;1780.30;-18.63
64.210;1780.75;-19.50
64.230;1780.83;-20.18
64.250;1780.22;-19.74
64.270;1780.02;-18.74
64.290;1780.35;-18.25
64.310;1780.20;-20.45
64.330;1780.10;-19.92
64.350;1779.74;-20.37
64.370;1780.63;-19.13
64.390;1778.32;-20.83
64.410;1779.25;-18.41
64.430;1778.40;-19.10
64.450;1779.03;-20.45
64.470;1777.72;-20.55
64.490;1779.27;-20.28
64.510;1779.10;-19.66
64.530;1778.52;-19.85
64.550;1778.02;-19.00
64.570;1778.76;-18.98
64.590;1778.00;-19.22
64.610;1777.21;-20.08
64.630;1777.71;-19.56
64.650;1776.52;-18.91
64.670;1777.64;-18.77
64.690;1777.08;-20.16
64.710;1777.16;-17.70
64.730;1777.60;-19.19
64.750;1776.09;-19.08
64.770;1777.72;-17.21
64.790;1776.65;-18.97
64.810;1776.15;-19.86
64.830;1775.88;-18.94
64.850;1775.57;-18.91
64.870;1775.61;-20.03
64.890;1775.66;-19.68
64.910;1774.54;-18.60
64.930;1775.92;-18.94
64.950;1775.32;-21.05
64.970;1774.61;-19.48
64.990;1775.43;-19.50
65.010;1775.74;-18.39
65.030;1774.92;-19.46
65.050;1775.37;-18.61
65.070;1774.50;-19.56
65.090;1773.02;-21.09
65.110;1775.08;-18.64
65.130;1774.52;-18.67
65.150;1773.47;-19.07
65.170;1774.54;-19.64
65.190;1774.96;-18.45
65.210;1773.99;-19.91
65.230;1773.71;-18.25
65.250;1774.35;-18.70
65.270;1772.93;-20.60
65.290;1773.56;-18.68
65.310;1773.51;-18.73
65.330;1772.74;-18.40
65.350;1772.84;-18.84
65.370;1773.02;-19.81
65.390;1772.80;-18.92
65.410;1771.88;-17.36
65.430;1772.67;-19.79
65.450;1772.54;-17.95
65.470;1772.78;-18.61
65.490;1772.14;-18.83
65.510;1771.23;-19.22
65.530;1772.00;-20.70
65.550;1770.76;-19.20
65.570;1771.21;-19.46
65.590;1772.00;-18.32
65.610;1771.15;-18.04
65.630;1771.81;-18.65
65.650;1770.80;-18.61
65.670;1771.35;-19.97
65.690;1769.68;-19.62
65.710;1770.92;-18.20
65.730;1770.42;-18.85
65.750;1770.41;-19.33
65.770;1769.42;-19.65
65.790;1770.15;-18.25
65.810;1770.28;-18.99
65.830;1770.86;-18.59
65.850;1770.02;-17.62
65.870;1768.94;-17.96
65.890;1768.84;-19.31
65.910;1769.49;-18.18
65.930;1769.58;-20.42
65.950;1768.40;-18.41
65.970;1768.53;-18.20
65.990;1769.07;-19.44
66.010;1767.90;-18.94
66.030;1769.00;-18.61
66.050;1768.49;-18.65
66.070;1767.31;-18.66
66.090;1768.77;-17.82
66.110;1767.68;-19.92
66.130;1767.61;-20.73
66.150;1767.76;-20.42
66.170;1769.23;-19.46
66.190;1768.27;-19.49
66.210;1767.60;-17.98
66.230;1767.88;-19.47
66.250;1767.44;-18.96
66.270;1767.68;-19.07
66.290;1767.35;-20.25
66.310;1767.73;-19.71
66.330;1766.63;-19.77
66.350;1766.15;-19.52
66.370;1766.30;-18.14
66.390;1766.00;-17.88
66.410;1766.00;-19.25
66.430;1766.45;-19.07
66.450;1766.17;-19.12
66.470;1765.28;-18.46
66.490;1765.61;-19.40
66.510;1765.37;-18.89
66.530;1765.07;-18.81
66.550;1765.09;-18.68
66.570;1764.92;-18.68
66.590;1765.48;-18.60
66.610;1764.12;-17.21
66.630;1764.32;-17.80
66.650;1764.77;-18.05
66.670;1763.49;-20.42
66.690;1764.13;-18.82
66.710;1762.90;-18.59
66.730;1764.88;-17.53
66.750;1763.66;-18.75
66.770;1763.64;-19.02
66.790;1763.11;-19.02
66.810;1763.17;-19.07
66.830;1762.93;-18.26
66.850;1763.53;-18.60
66.870;1762.77;-18.88
66.890;1762.25;-18.50
66.910;1762.73;-18.07
66.930;1762.05;-18.37
66.950;1763.52;-21.05
66.970;1761.25;-19.48
66.990;1763.89;-20.02
67.010;1762.33;-19.68
67.030;1761.65;-17.64
67.050;1762.27;-19.88
67.070;1761.62;-19.85
67.090;1761.11;-19.35
67.110;1761.06;-19.92
67.130;1762.37;-19.78
67.150;1760.57;-18.85
67.170;1761.72;-19.21
67.190;1760.71;-21.39
67.210;1760.02;-20.05
67.230;1760.41;-17.84
67.250;1760.56;-19.37
67.270;1759.81;-19.11
67.290;1760.25;-19.38
67.310;1760.75;-18.25
67.330;1759.79;-19.39
67.350;1759.77;-21.12
67.370;1759.67;-19.27
67.390;1759.22;-17.93
67.410;1759.40;-17.83
67.430;1759.78;-19.24
67.450;1758.75;-17.89
67.470;1759.29;-20.22
67.490;1758.25;-19.32
67.510;1757.79;-19.04
67.530;1757.80;-19.76
67.550;1757.60;-19.33
67.570;1758.15;-19.69
67.590;1757.16;-19.92
67.610;1757.44;-19.46
67.630;1757.69;-18.01
67.650;1756.32;-18.58
67.670;1758.04;-19.16
67.690;1756.92;-19.39
67.710;1757.14;-19.05
67.730;1756.61;-19.01
67.750;1756.79;-19.18
67.770;1756.40;-21.31
67.790;1756.29;-19.55
67.810;1756.87;-19.79
67.830;1755.46;-18.86
67.850;1756.01;-19.93
67.870;1756.75;-19.44
67.890;1755.27;-19.54
67.910;1755.96;-20.68
67.930;1755.04;-20.59
67.950;1754.53;-20.93
67.970;1754.95;-19.40
67.990;1755.19;-19.97
68.010;1754.47;-18.73
68.030;1755.31;-18.53
68.050;1755.49;-20.81
68.070;1754.11;-19.44
68.090;1754.19;-19.26
68.110;1754.95;-17.44
68.130;1753.83;-19.25
68.150;1754.40;-20.23
68.170;1753.04;-19.56
68.190;1752.68;-19.49
68.210;1753.72;-21.85
68.230;1752.79;-22.25
68.250;1753.05;-20.07
68.270;1752.48;-20.06
68.290;1752.94;-18.83
68.310;1752.53;-20.42
68.330;1752.55;-19.19
68.350;1751.68;-20.84
68.370;1752.50;-20.36
68.390;1751.79;-19.37
68.410;1752.82;-20.68
68.430;1751.23;-21.90
68.450;1751.93;-19.74
68.470;1752.09;-20.29
68.490;1751.93;-19.12
68.510;1751.53;-19.77
68.530;1752.19;-20.27
68.550;1750.53;-20.36
68.570;1750.45;-19.89
68.590;1750.71;-21.63
68.610;1750.24;-20.29
68.630;1750.58;-20.32
68.650;1750.92;-20.07
68.670;1750.64;-19.97
68.690;1749.39;-18.73
68.710;1750.56;-19.36
68.730;1750.12;-20.61
68.750;1750.14;-19.39
68.770;1748.68;-20.65
68.790;1750.01;-19.45
68.810;1749.68;-18.54
68.830;1747.88;-19.41
68.850;1749.11;-20.28
68.870;1748.86;-19.51
68.890;1748.88;-20.32
68.910;1749.09;-20.21
68.930;1749.21;-18.96
68.950;1748.13;-19.42
68.970;1748.82;-19.76
68.990;1748.43;-21.09
69.010;1747.73;-18.08
69.030;1748.57;-19.24
69.050;1748.76;-19.56
69.070;1748.26;-19.35
69.090;1747.63;-20.67
69.110;1747.39;-20.12
69.130;1747.41;-19.62
69.150;1747.42;-20.18
69.170;1747.25;-20.36
69.190;1746.90;-19.14
69.210;1747.50;-20.61
69.230;1747.64;-19.61
69.250;1746.83;-19.63
69.270;1746.14;-19.49
69.290;1746.31;-20.55
69.310;1745.92;-19.76
69.330;1745.51;-20.95
69.350;1746.16;-18.71
69.370;1746.44;-19.67
69.390;1745.82;-21.03
69.410;1746.26;-20.26
69.430;1745.32;-18.72
69.450;1745.87;-19.84
69.470;1746.57;-19.35
69.490;1743.66;-20.10
69.510;1745.65;-18.95
69.530;1746.32;-19.92
69.550;1745.43;-19.88
69.570;1744.57;-18.45
69.590;1744.16;-19.88
69.610;1743.47;-19.75
69.630;1744.24;-19.46
69.650;1744.70;-20.03
69.670;1745.06;-19.85
69.690;1743.93;-17.94
69.710;1744.37;-18.66
69.730;1743.35;-18.82
69.750;1743.18;-18.51
69.770;1743.27;-20.27
69.790;1743.27;-18.87
69.810;1743.28;-19.15
69.830;1743.25;-19.52
69.850;1743.09;-19.97
69.870;1742.98;-20.29
69.890;1742.44;-20.48
69.910;1742.51;-19.59
69.930;1742.14;-19.93
69.950;1743.45;-20.13
69.970;1742.48;-19.15
69.990;1740.95;-20.56
70.010;1740.99;-20.05
70.030;1741.57;-19.17
70.050;1741.48;-18.86
70.070;1740.31;-19.69
70.090;1741.55;-18.80
70.110;1740.58;-19.40
70.130;1741.24;-18.48
70.150;1739.95;-19.29
70.170;1740.94;-18.81
70.190;1740.86;-19.71
70.210;1739.73;-20.17
70.230;1740.79;-19.99
70.250;1739.19;-20.78
70.270;1740.04;-20.61
70.290;1739.13;-20.04
70.310;1739.97;-20.47
70.330;1740.10;-20.24
70.350;1739.00;-20.14
70.370;1740.25;-19.45
70.390;1739.47;-19.18
70.410;1737.58;-19.47
70.430;1737.49;-18.57
70.450;1739.01;-19.26
70.470;1738.74;-19.76
70.490;1739.00;-19.74
70.510;1737.14;-21.55
70.530;1737.61;-20.92
70.550;1737.68;-19.62
70.570;1737.80;-18.62
70.590;1738.01;-20.58
70.610;1737.36;-19.59
70.630;1738.45;-19.86
70.650;1738.01;-20.20
70.670;1737.26;-20.77
70.690;1737.29;-20.14
70.710;1736.38;-19.76
70.730;1736.10;-18.50
70.750;1737.18;-19.07
70.770;1736.19;-20.61
70.790;1737.43;-20.34
70.810;1736.70;-19.70
70.830;1736.86;-19.23
70.850;1736.12;-19.38
70.870;1735.13;-18.41
70.890;1735.75;-19.84
70.910;1735.70;-17.23
70.930;1735.90;-19.85
70.950;1735.23;-19.02
70.970;1737.17;-19.52
70.990;1735.49;-20.25
71.010;1734.29;-19.56
71.030;1734.47;-19.11
71.050;1734.63;-18.91
71.070;1734.28;-18.48
71.090;1736.09;-20.17
71.110;1734.29;-19.08
71.130;1733.67;-19.74
71.150;1734.19;-19.09
71.170;1734.27;-18.68
71.190;1733.68;-18.71
71.210;1734.31;-20.63
71.230;1733.89;-20.08
71.250;1733.56;-19.77
71.270;1733.44;-19.64
71.290;1733.73;-20.31
71.310;1733.11;-20.51
71.330;1732.40;-19.53
71.350;1733.11;-19.07
71.370;1732.48;-19.10
71.390;1732.14;-19.69
71.410;1733.19;-18.66
71.430;1732.66;-20.73
71.450;1732.64;-20.19
71.470;1732.82;-18.88
71.490;1732.19;-21.23
71.510;1731.30;-20.83
71.530;1731.83;-20.57
71.550;1732.37;-20.80
71.570;1730.57;-18.81
71.590;1731.26;-18.79
71.610;1730.60;-20.08
71.630;1731.04;-20.29
71.650;1730.42;-18.94
71.670;1730.50;-18.51
71.690;1731.01;-18.89
71.710;1731.85;-20.65
71.730;1731.24;-20.64
71.750;1731.27;-20.72
71.770;1729.72;-20.67
71.790;1729.87;-20.09
71.810;1730.34;-19.52
71.830;1729.70;-20.04
71.850;1730.66;-19.51
71.870;1728.50;-19.12
71.890;1729.28;-19.19
71.910;1729.22;-20.86
71.930;1729.59;-20.06
71.950;1729.03;-18.84
71.970;1727.53;-20.67
71.990;1729.07;-18.80
72.010;1729.48;-18.33
72.030;1729.04;-20.25
72.050;1728.70;-20.64
72.070;1728.73;-20.47
72.090;1728.19;-19.14
72.110;1728.08;-20.17
72.130;1728.75;-21.03
72.150;1727.25;-19.57
72.170;1727.64;-19.58
72.190;1727.42;-18.58
72.210;1727.61;-17.67
72.230;1727.19;-19.46
72.250;1727.63;-19.86
72.270;1727.76;-19.85
72.290;1724.58;-20.22
72.310;1726.28;-20.00
72.330;1726.21;-19.91
72.350;1727.86;-20.19
72.370;1727.05;-20.78
72.390;1726.02;-20.43
72.410;1725.30;-19.67
72.430;1725.84;-19.72
72.450;1726.46;-18.81
72.470;1725.40;-20.23
72.490;1725.36;-20.38
72.510;1725.11;-20.82
72.530;1725.67;-20.10
72.550;1724.96;-19.71
72.570;1724.61;-20.03
72.590;1725.18;-20.18
72.610;1725.54;-19.95
72.630;1724.11;-19.35
72.650;1723.57;-18.60
72.670;1724.28;-19.53
72.690;1724.74;-20.46
72.710;1724.48;-19.18
72.730;1723.58;-18.97
72.750;1723.07;-20.20
72.770;1723.40;-18.67
72.790;1723.27;-18.87
72.810;1722.69;-19.93
72.830;1724.50;-19.66
72.850;1723.16;-18.81
72.870;1722.69;-19.63
72.890;1723.25;-19.96
72.910;1723.03;-19.88
72.930;1722.85;-18.37
72.950;1722.43;-18.50
72.970;1722.81;-18.73
72.990;1722.42;-19.23
73.010;1722.40;-19.31
73.030;1722.45;-20.44
73.050;1721.92;-18.96
73.070;1722.18;-18.05
73.090;1722.44;-18.90
73.110;1721.25;-19.76
73.130;1721.86;-19.04
73.150;1720.87;-19.37
73.170;1721.94;-20.45
73.190;1719.93;-20.07
73.210;1720.68;-20.56
73.230;1719.72;-19.69
73.250;1722.01;-20.09
73.270;1720.86;-19.27
73.290;1721.13;-19.88
73.310;1719.82;-20.37
73.330;1719.49;-18.31
73.350;1720.15;-20.20
73.370;1719.37;-19.20
73.390;1719.69;-20.44
73.410;1719.85;-19.45
73.430;1719.34;-20.61
73.450;1719.99;-18.86
73.470;1719.35;-20.36
73.490;1719.39;-19.38
73.510;1718.75;-20.01
73.530;1719.30;-20.89
73.550;1718.24;-19.47
73.570;1719.02;-19.98
73.590;1718.75;-20.36
73.610;1718.44;-19.13
73.630;1718.70;-19.42
73.650;1717.76;-19.26
73.670;1717.88;-20.27
73.690;1717.08;-18.93
73.710;1717.47;-17.47
73.730;1717.95;-21.14
73.750;1718.45;-18.74
73.770;1718.55;-20.39
73.790;1716.91;-19.51
73.810;1716.72;-19.88
73.830;1717.25;-18.37
73.850;1716.76;-18.35
73.870;1717.45;-19.48
73.890;1715.91;-20.05
73.910;1716.61;-18.11
73.930;1715.59;-18.95
73.950;1716.27;-18.92
73.970;1716.53;-20.27
73.990;1715.82;-21.00
74.010;1715.92;-20.40
74.030;1716.16;-19.67
74.050;1715.62;-18.29
74.070;1715.30;-18.46
74.090;1715.51;-19.42
74.110;1715.59;-18.62
74.130;1714.50;-19.26
74.150;1714.56;-18.92
74.170;1714.68;-18.17
74.190;1714.38;-19.01
74.210;1715.30;-19.14
74.230;1714.85;-19.10
74.250;1714.34;-19.39
74.270;1714.81;-18.70
74.290;1713.11;-17.72
74.310;1714.29;-21.11
74.330;1713.94;-19.22
74.350;1712.55;-20.10
74.370;1713.40;-19.08
74.390;1713.38;-19.31
74.410;1713.13;-19.25
74.430;1713.15;-19.73
74.450;1713.32;-20.52
74.470;1712.13;-19.17
74.490;1712.97;-19.65
74.510;1713.09;-19.66
74.530;1712.64;-19.43
74.550;1711.80;-20.08
74.570;1712.46;-18.85
74.590;1712.70;-18.61
74.610;1712.16;-20.62
74.630;1712.01;-20.86
74.650;1712.95;-20.89
74.670;1711.31;-20.18
74.690;1712.02;-20.48
74.710;1710.13;-19.07
74.730;1711.66;-19.12
74.750;1711.17;-19.96
74.770;1711.53;-18.61
74.790;1711.66;-19.71
74.810;1710.99;-18.65
74.830;1710.86;-18.44
74.850;1710.20;-18.97
74.870;1711.02;-19.12
74.890;1709.58;-19.27
74.910;1709.93;-19.98
74.930;1709.73;-18.64
74.950;1709.91;-18.45
74.970;1708.96;-19.18
74.990;1710.65;-20.11
75.010;1710.16;-18.94
75.030;1709.26;-20.38
75.050;1708.65;-19.27
75.070;1708.05;-20.03
75.090;1709.14;-20.88
75.110;1709.16;-20.92
75.130;1707.66;-20.27
75.150;1708.28;-19.76
75.170;1708.35;-20.35
75.190;1708.08;-19.54
75.210;1708.44;-19.81
75.230;1707.86;-20.02
75.250;1707.73;-19.76
75.270;1708.50;-19.89
75.290;1707.30;-19.82
75.310;1707.94;-19.56
75.330;1708.02;-19.87
75.350;1707.47;-19.50
75.370;1706.85;-18.97
75.390;1707.21;-19.43
75.410;1707.73;-19.45
75.430;1706.96;-18.79
75.450;1706.30;-20.44
75.470;1706.53;-19.71
75.490;1706.48;-18.87
75.510;1706.99;-19.79
75.530;1706.53;-19.65
75.550;1705.88;-19.10
75.570;1705.85;-20.25
75.590;1705.63;-19.10
75.610;1705.17;-18.34
75.630;1705.15;-19.73
75.650;1705.75;-18.15
75.670;1704.36;-19.48
75.690;1705.01;-19.47
75.710;1704.71;-19.82
75.730;1705.29;-21.08
75.750;1704.63;-20.16
75.770;1705.45;-19.56
75.790;1703.81;-17.99
75.810;1704.67;-20.36
75.830;1703.44;-17.25
75.850;1703.98;-20.29
75.870;1704.76;-19.63
75.890;1702.83;-19.13
75.910;1703.95;-19.28
75.930;1703.50;-19.30
75.950;1702.98;-19.53
75.970;1703.91;-18.13
75.990;1701.53;-17.89
76.010;1703.28;-18.87
76.030;1703.26;-19.19
76.050;1702.79;-18.58
76.070;1703.38;-19.70
76.090;1702.55;-18.78
76.110;1701.82;-19.29
76.130;1702.83;-18.81
76.150;1701.41;-19.43
76.170;1701.27;-18.90
76.190;1701.53;-19.93
76.210;1701.76;-20.05
76.230;1701.41;-18.56
76.250;1701.74;-18.90
76.270;1701.37;-20.87
76.290;1700.25;-18.47
76.310;1700.97;-18.07
76.330;1700.84;-18.64
76.350;1701.26;-17.92
76.370;1700.38;-18.80
76.390;1699.93;-19.06
76.410;1701.29;-18.61
76.430;1701.07;-19.79
76.450;1699.31;-17.26
76.470;1699.60;-20.24
76.490;1700.83;-19.66
76.510;1701.05;-18.60
76.530;1700.40;-19.11
76.550;1700.71;-19.04
76.570;1699.32;-20.36
76.590;1699.70;-19.79
76.610;1697.75;-20.29
76.630;1698.05;-18.56
76.650;1698.82;-19.25
76.670;1698.47;-19.68
76.690;1698.47;-18.76
76.710;1697.80;-19.08
76.730;1698.32;-19.25
76.750;1699.38;-19.39
76.770;1698.24;-18.59
76.790;1697.07;-17.02
76.810;1697.07;-17.38
76.830;1697.74;-18.90
76.850;1697.64;-19.48
76.870;1697.46;-20.17
76.890;1696.84;-19.35
76.910;1697.80;-19.61
76.930;1696.86;-19.85
76.950;1696.86;-19.13
76.970;1696.51;-18.99
76.990;1696.01;-20.35
77.010;1695.86;-19.51
77.030;1695.88;-19.56
77.050;1696.52;-19.49
77.070;1696.07;-19.70
77.090;1695.32;-18.94
77.110;1696.45;-18.39
77.130;1696.50;-20.87
77.150;1695.37;-19.55
77.170;1695.48;-18.70
77.190;1694.28;-18.15
77.210;1694.65;-17.40
77.230;1693.72;-19.56
77.250;1694.79;-19.77
77.270;1695.01;-19.99
77.290;1694.57;-18.06
77.310;1694.55;-19.94
77.330;1695.42;-20.03
77.350;1692.93;-18.79
77.370;1693.64;-18.66
77.390;1694.49;-19.67
77.410;1692.39;-20.01
77.430;1693.61;-19.55
77.450;1692.89;-19.66
77.470;1692.00;-18.92
77.490;1693.85;-19.91
77.510;1693.42;-18.94
77.530;1693.13;-19.22
77.550;1692.32;-21.18
77.570;1692.02;-17.77
77.590;1691.84;-18.71
77.610;1692.05;-20.09
77.630;1691.73;-20.03
77.650;1691.05;-17.92
77.670;1691.80;-20.68
77.690;1691.60;-20.49
77.710;1692.17;-17.89
77.730;1691.02;-17.86
77.750;1691.14;-19.62
77.770;1691.47;-19.58
77.790;1690.43;-17.97
77.810;1691.24;-19.49
77.830;1690.38;-19.24
77.850;1690.94;-18.79
77.870;1690.35;-18.31
77.890;1690.89;-17.93
77.910;1690.59;-19.42
77.930;1689.22;-19.20
77.950;1690.57;-19.84
77.970;1690.00;-20.50
77.990;1689.96;-20.25
78.010;1688.38;-20.73
78.030;1689.06;-20.26
78.050;1689.11;-19.83
78.070;1689.52;-20.39
78.090;1689.50;-21.31
78.110;1688.37;-18.76
78.130;1688.82;-19.79
78.150;1687.94;-19.28
78.170;1689.39;-18.00
78.190;1688.80;-19.34
78.210;1687.89;-20.20
78.230;1687.73;-20.33
78.250;1688.62;-19.82
78.270;1688.42;-18.95
78.290;1686.86;-19.50
78.310;1687.87;-19.58
78.330;1687.51;-20.61
78.350;1687.52;-18.78
78.370;1688.36;-18.71
78.390;1688.51;-18.92
78.410;1687.26;-19.56
78.430;1687.19;-20.17
78.450;1685.40;-19.38
78.470;1686.33;-18.10
78.490;1686.82;-19.02
78.510;1686.78;-20.69
78.530;1687.04;-19.45
78.550;1686.48;-19.07
78.570;1686.48;-19.45
78.590;1685.75;-21.60
78.610;1685.56;-20.09
78.630;1685.96;-20.34
78.650;1685.78;-20.57
78.670;1685.28;-19.74
78.690;1685.57;-19.71
78.710;1683.81;-19.94
78.730;1685.55;-19.98
78.750;1685.47;-21.81
78.770;1685.10;-19.33
78.790;1684.27;-19.83
78.810;1683.92;-19.81
78.830;1684.47;-19.82
78.850;1685.47;-18.78
78.870;1683.99;-20.05
78.890;1684.69;-18.87
78.910;1683.93;-20.33
78.930;1684.44;-19.72
78.950;1682.60;-21.10
78.970;1683.45;-20.44
78.990;1683.34;-19.77
79.010;1683.02;-21.68
79.030;1682.82;-20.77
79.050;1683.24;-20.81
79.070;1682.74;-21.77
79.090;1682.07;-20.68
79.110;1682.85;-20.45
79.130;1683.06;-21.48
79.150;1683.13;-20.83
79.170;1681.83;-21.54
79.190;1682.11;-19.74
79.210;1681.67;-20.64
79.230;1681.94;-20.73
79.250;1680.84;-19.41
79.270;1680.36;-20.38
79.290;1680.70;-19.81
79.310;1680.96;-20.97
79.330;1680.94;-21.77
79.350;1679.66;-21.04
79.370;1681.34;-21.93
79.390;1680.44;-19.70
79.410;1680.94;-18.50
79.430;1681.01;-19.88
79.450;1679.95;-22.20
79.470;1680.38;-20.71
79.490;1680.93;-19.62
79.510;1680.78;-18.97
79.530;1680.26;-21.12
79.550;1679.66;-20.11
79.570;1679.66;-20.42
79.590;1679.84;-19.30
79.610;1679.50;-19.53
79.630;1679.82;-20.07
79.650;1679.30;-18.78
79.670;1678.84;-19.56
79.690;1678.73;-21.21
79.710;1678.11;-18.60
79.730;1678.36;-20.29
79.750;1677.84;-18.65
79.770;1678.41;-20.99
79.790;1678.27;-19.59
79.810;1677.21;-21.19
79.830;1677.67;-20.02
79.850;1679.46;-20.76
79.870;1677.81;-17.79
79.890;1676.88;-21.32
79.910;1678.47;-18.69
79.930;1677.43;-16.97
79.950;1676.97;-19.19
79.970;1676.68;-18.78
79.990;1678.06;-18.57
80.010;1676.93;-17.57
80.030;1677.06;-17.98
80.050;1676.37;-18.57
80.070;1675.80;-18.52
80.090;1677.59;-18.35
80.110;1677.08;-19.82
80.130;1676.57;-19.57
80.150;1675.56;-19.79
80.170;1674.78;-20.27
80.190;1674.92;-19.52
80.210;1675.89;-19.19
80.230;1675.27;-19.81
80.250;1675.85;-18.33
80.270;1675.53;-19.79
80.290;1675.31;-18.92
80.310;1675.47;-20.36
80.330;1675.32;-18.72
80.350;1675.35;-19.46
80.370;1675.00;-18.81
80.390;1674.97;-19.47
80.410;1674.38;-18.03
80.430;1674.61;-17.61
80.450;1674.04;-18.11
80.470;1674.33;-18.19
80.490;1673.34;-18.36
80.510;1673.76;-18.59
80.530;1673.19;-17.61
80.550;1672.73;-18.29
80.570;1674.47;-19.27
80.590;1673.24;-19.00
80.610;1673.30;-17.62
80.630;1673.49;-18.97
80.650;1673.48;-19.39
80.670;1673.92;-18.71
80.690;1672.01;-19.06
80.710;1672.68;-20.24
80.730;1673.33;-18.09
80.750;1671.44;-18.91
80.770;1672.55;-19.37
80.790;1672.28;-19.63
80.810;1672.17;-18.74
80.830;1671.25;-19.43
80.850;1671.80;-18.38
80.870;1672.64;-19.26
80.890;1671.39;-19.35
80.910;1670.39;-19.76
80.930;1671.61;-18.65
80.950;1672.30;-18.80
80.970;1671.19;-17.78
80.990;1670.78;-18.42
81.010;1671.50;-19.21
81.030;1670.40;-20.31
81.050;1670.55;-19.39
81.070;1669.67;-18.87
81.090;1670.84;-18.10
81.110;1669.95;-18.73
81.130;1671.38;-19.54
81.150;1669.95;-19.40
81.170;1669.75;-20.30
81.190;1669.53;-18.78
81.210;1668.55;-17.43
81.230;1668.79;-19.42
81.250;1668.62;-19.58
81.270;1668.68;-18.14
81.290;1668.83;-18.57
81.310;1668.49;-19.17
81.330;1669.67;-19.21
81.350;1668.73;-19.63
81.370;1668.55;-20.16
81.390;1667.65;-18.68
81.410;1668.48;-19.62
81.430;1667.98;-19.98
81.450;1667.49;-20.09
81.470;1667.88;-19.48
81.490;1667.43;-20.69
81.510;1667.49;-19.73
81.530;1667.18;-19.86
81.550;1666.84;-19.47
81.570;1667.28;-19.83
81.590;1666.51;-19.92
81.610;1667.75;-19.81
81.630;1667.09;-21.05
81.650;1666.41;-18.62
81.670;1667.03;-19.42
81.690;1666.00;-20.07
81.710;1665.82;-19.59
81.730;1665.92;-19.56
81.750;1666.08;-20.71
81.770;1664.92;-19.20
81.790;1665.47;-18.25
81.810;1666.65;-19.62
81.830;1665.37;-19.91
81.850;1665.31;-19.13
81.870;1665.76;-20.08
81.890;1665.98;-20.79
81.910;1665.28;-20.75
81.930;1664.05;-20.10
81.950;1663.92;-19.93
81.970;1663.45;-19.97
81.990;1664.49;-21.34
82.010;1663.52;-20.59
82.030;1663.83;-19.81
82.050;1663.81;-20.63
82.070;1663.89;-20.79
82.090;1662.84;-21.03
82.110;1664.39;-18.85
82.130;1662.49;-19.86
82.150;1662.24;-20.22
82.170;1662.92;-19.73
82.190;1663.34;-20.33
82.210;1662.21;-19.92
82.230;1663.13;-20.39
82.250;1663.65;-19.56
82.270;1661.94;-20.63
82.290;1662.83;-18.80
82.310;1662.54;-20.65
82.330;1661.90;-19.55
82.350;1661.62;-19.87
82.370;1661.28;-18.85
82.390;1661.15;-20.38
82.410;1661.83;-21.45
82.430;1660.10;-20.74
82.450;1661.25;-18.58
82.470;1660.15;-19.95
82.490;1660.45;-20.79
82.510;1660.57;-19.57
82.530;1661.69;-20.68
82.550;1659.11;-19.45
82.570;1661.29;-19.28
82.590;1660.88;-20.23
82.610;1660.19;-19.91
82.630;1660.02;-20.56
82.650;1660.02;-20.40
82.670;1659.90;-19.74
82.690;1658.89;-20.07
82.710;1659.42;-21.38
82.730;1658.82;-21.06
82.750;1657.93;-21.58
82.770;1658.62;-19.75
82.790;1657.46;-19.35
82.810;1657.76;-20.39
82.830;1659.41;-20.38
82.850;1657.95;-20.90
82.870;1657.80;-20.46
82.890;1658.30;-21.79
82.910;1658.15;-18.17
82.930;1657.91;-21.40
82.950;1658.11;-21.74
82.970;1658.25;-18.14
82.990;1657.83;-22.21
83.010;1658.15;-20.48
83.030;1657.68;-20.01
83.050;1656.91;-21.24
83.070;1656.36;-19.45
83.090;1656.13;-20.91
83.110;1656.97;-20.29
83.130;1657.32;-20.03
83.150;1656.71;-19.49
83.170;1656.41;-19.73
83.190;1656.86;-19.68
83.210;1655.46;-18.16
83.230;1656.54;-21.06
83.250;1656.61;-19.36
83.270;1656.10;-19.04
83.290;1655.93;-19.75
83.310;1655.63;-18.69
83.330;1655.73;-20.15
83.350;1655.15;-19.31
83.370;1653.82;-21.80
83.390;1654.24;-19.89
83.410;1654.04;-19.73
83.430;1654.79;-20.25
83.450;1654.22;-20.61
83.470;1654.42;-20.29
83.490;1654.98;-20.42
83.510;1654.07;-19.54
83.530;1654.12;-19.58
83.550;1654.35;-19.94
83.570;1655.20;-19.85
83.590;1653.34;-20.05
83.610;1653.91;-19.03
83.630;1654.68;-18.78
83.650;1653.92;-20.40
83.670;1653.05;-19.36
83.690;1653.37;-17.98
83.710;1653.49;-18.98
83.730;1653.32;-18.54
83.750;1652.04;-17.42
83.770;1652.41;-19.71
83.790;1652.40;-19.17
83.810;1653.39;-19.63
83.830;1651.22;-19.75
83.850;1650.97;-20.47
83.870;1652.70;-19.97
83.890;1651.58;-19.17
83.910;1651.28;-18.72
83.930;1652.22;-20.21
83.950;1650.44;-20.30
83.970;1652.30;-17.52
83.990;1651.28;-19.23
84.010;1652.08;-18.41
84.030;1651.19;-20.03
84.050;1649.82;-19.75
84.070;1651.11;-17.98
84.090;1650.32;-18.76
84.110;1650.22;-19.60
84.130;1650.58;-18.65
84.150;1649.81;-19.83
84.170;1650.17;-18.99
84.190;1650.28;-19.84
84.210;1649.94;-20.57
84.230;1650.52;-19.68
84.250;1649.64;-19.66
84.270;1649.87;-19.79
84.290;1649.02;-19.75
84.310;1648.63;-18.85
84.330;1648.68;-20.01
84.350;1649.24;-19.25
84.370;1648.55;-19.99
84.390;1648.78;-19.15
84.410;1648.08;-18.97
84.430;1649.40;-19.19
84.450;1648.16;-19.81
84.470;1647.85;-18.43
84.490;1647.56;-18.38
84.510;1648.26;-18.74
84.530;1648.39;-19.32
84.550;1648.45;-20.01
84.570;1647.88;-21.03
84.590;1647.96;-20.54
84.610;1648.79;-20.10
84.630;1647.53;-20.32
84.650;1646.59;-19.09
84.670;1646.86;-19.11
84.690;1646.33;-19.36
84.710;1645.96;-19.07
84.730;1647.61;-20.37
84.750;1646.99;-19.54
84.770;1646.80;-20.21
84.790;1646.54;-18.96
84.810;1646.14;-19.70
84.830;1645.97;-20.44
84.850;1646.28;-20.69
84.870;1645.27;-19.38
84.890;1645.71;-19.13
84.910;1645.64;-18.46
84.930;1645.94;-18.72
84.950;1644.32;-20.25
84.970;1644.56;-18.93
84.990;1644.94;-19.82
85.010;1645.52;-19.58
85.030;1645.27;-20.54
85.050;1643.46;-20.72
85.070;1644.92;-20.16
85.090;1644.32;-18.92
85.110;1643.84;-19.55
85.130;1642.35;-19.86
85.150;1643.06;-19.17
85.170;1643.25;-20.16
85.190;1643.45;-20.47
85.210;1643.75;-19.19
85.230;1643.75;-19.67
85.250;1643.96;-18.42
85.270;1643.72;-18.58
85.290;1641.76;-19.06
85.310;1642.85;-18.90
85.330;1642.36;-19.92
85.350;1642.37;-19.80
85.370;1642.45;-19.52
85.390;1642.07;-19.54
85.410;1642.41;-19.55
85.430;1642.69;-20.48
85.450;1641.60;-20.03
85.470;1642.38;-20.55
85.490;1640.05;-20.05
85.510;1642.09;-21.20
85.530;1641.48;-19.22
85.550;1641.17;-19.65
85.570;1640.49;-19.06
85.590;1640.61;-19.23
85.610;1641.09;-19.58
85.630;1640.26;-18.09
85.650;1640.56;-18.02
85.670;1640.17;-17.63
85.690;1639.84;-20.32
85.710;1639.87;-19.64
85.730;1639.82;-19.17
85.750;1638.95;-18.52
85.770;1639.59;-18.73
85.790;1639.67;-19.63
85.810;1639.78;-19.17
85.830;1639.13;-19.64
85.850;1638.77;-19.30
85.870;1639.73;-20.59
85.890;1638.43;-18.03
85.910;1638.74;-19.11
85.930;1638.39;-18.22
85.950;1638.16;-18.48
85.970;1638.22;-18.35
85.990;1638.60;-18.21
86.010;1637.43;-18.96
86.030;1636.82;-19.12
86.050;1637.69;-19.69
86.070;1637.73;-20.27
86.090;1636.18;-19.76
86.110;1637.51;-19.36
86.130;1637.16;-19.90
86.150;1637.69;-19.95
86.170;1638.03;-20.18
86.190;1637.63;-17.91
86.210;1636.67;-19.23
86.230;1636.24;-20.64
86.250;1635.99;-20.04
86.270;1636.98;-20.57
86.290;1635.53;-20.54
86.310;1636.08;-19.43
86.330;1636.21;-20.22
86.350;1635.51;-18.88
86.370;1634.34;-19.07
86.390;1635.78;-18.80
86.410;1635.29;-19.20
86.430;1635.05;-19.15
86.450;1634.88;-19.47
86.470;1634.58;-19.43
86.490;1634.55;-21.03
86.510;1633.76;-18.89
86.530;1634.47;-18.44
86.550;1633.84;-20.12
86.570;1633.57;-19.84
86.590;1633.58;-19.76
86.610;1635.23;-19.34
86.630;1633.57;-18.94
86.650;1633.40;-19.44
86.670;1632.68;-19.55
86.690;1633.63;-18.09
86.710;1633.08;-20.33
86.730;1633.08;-19.28
86.750;1634.48;-20.42
86.770;1633.36;-18.30
86.790;1632.34;-18.69
86.810;1632.92;-20.24
86.830;1632.58;-20.15
86.850;1632.21;-19.43
86.870;1632.08;-17.97
86.890;1631.19;-20.36
86.910;1631.95;-19.90
86.930;1630.74;-19.57
86.950;1630.78;-19.52
86.970;1630.44;-21.22
86.990;1631.72;-18.67
87.010;1631.51;-19.52
87.030;1631.53;-18.57
87.050;1630.70;-20.13
87.070;1630.82;-16.92
87.090;1629.96;-20.44
87.110;1631.84;-19.11
87.130;1630.04;-19.53
87.150;1629.83;-20.14
87.170;1630.28;-18.70
87.190;1629.08;-19.20
87.210;1631.65;-20.67
87.230;1630.48;-20.04
87.250;1631.46;-19.78
87.270;1629.20;-20.12
87.290;1628.32;-20.20
87.310;1629.45;-18.86
87.330;1629.73;-19.47
87.350;1628.71;-20.06
87.370;1628.14;-19.51
87.390;1628.59;-19.68
87.410;1629.19;-19.36
87.430;1628.79;-20.96
87.450;1627.71;-20.04
87.470;1627.49;-19.93
87.490;1628.37;-19.29
87.510;1626.71;-19.43
87.530;1629.03;-18.97
87.550;1627.02;-19.70
87.570;1627.82;-21.09
87.590;1627.54;-20.82
87.610;1627.70;-20.30
87.630;1627.48;-19.75
87.650;1626.48;-20.68
87.670;1626.42;-17.73
87.690;1626.96;-19.78
87.710;1627.25;-22.06
87.730;1626.75;-19.62
87.750;1626.06;-21.10
87.770;1625.71;-20.31
87.790;1625.94;-20.88
87.810;1625.46;-20.11
87.830;1624.76;-19.14
87.850;1626.29;-19.70
87.870;1625.15;-21.13
87.890;1626.60;-18.84
87.910;1625.24;-19.77
87.930;1624.59;-19.86
87.950;1624.98;-19.41
87.970;1624.51;-20.57
87.990;1625.42;-19.54
88.010;1624.21;-19.71
88.030;1624.20;-19.72
88.050;1623.46;-18.65
88.070;1624.34;-21.07
88.090;1625.03;-18.98
88.110;1624.65;-22.09
88.130;1623.37;-19.36
88.150;1622.76;-19.26
88.170;1624.19;-19.13
88.190;1623.36;-19.54
88.210;1624.68;-18.53
88.230;1622.42;-17.26
88.250;1622.26;-19.36
88.270;1622.07;-18.87
88.290;1622.91;-18.67
88.310;1623.12;-19.17
88.330;1623.06;-19.20
88.350;1622.08;-20.31
88.370;1622.35;-19.85
88.390;1622.77;-19.08
88.410;1622.26;-19.97
88.430;1623.08;-19.68
88.450;1621.59;-19.31
88.470;1622.27;-21.03
88.490;1620.89;-18.12
88.510;1621.18;-18.87
88.530;1620.82;-19.29
88.550;1621.65;-19.10
88.570;1620.30;-19.67
88.590;1621.87;-19.74
88.610;1620.34;-19.09
88.630;1620.94;-19.63
88.650;1620.31;-20.73
88.670;1619.74;-19.42
88.690;1621.09;-18.21
88.710;1619.95;-18.41
88.730;1619.70;-20.98
88.750;1620.34;-19.74
88.770;1619.50;-18.83
88.790;1619.53;-19.85
88.810;1620.28;-18.91
88.830;1619.81;-19.14
88.850;1619.00;-19.15
88.870;1619.54;-18.33
88.890;1620.70;-19.56
88.910;1618.48;-19.76
88.930;1618.60;-18.95
88.950;1617.91;-20.36
88.970;1618.36;-18.59
88.990;1618.73;-20.03
89.010;1617.59;-19.50
89.030;1618.40;-18.78
89.050;1617.91;-19.74
89.070;1618.39;-18.33
89.090;1617.09;-20.25
89.110;1618.59;-20.56
89.130;1617.67;-19.52
89.150;1616.29;-20.89
89.170;1616.96;-19.80
89.190;1616.70;-19.53
89.210;1616.41;-20.13
89.230;1617.21;-19.12
89.250;1615.72;-19.86
89.270;1616.33;-19.66
89.290;1616.07;-18.79
89.310;1616.64;-20.49
89.330;1615.80;-17.88
89.350;1616.74;-18.09
89.370;1615.19;-19.91
89.390;1615.46;-19.10
89.410;1615.66;-19.62
89.430;1615.20;-20.10
89.450;1615.04;-18.50
89.470;1615.54;-19.57
89.490;1615.64;-19.28
89.510;1614.97;-19.38
89.530;1614.70;-19.61
89.550;1614.40;-19.44
89.570;1614.32;-19.61
89.590;1613.72;-20.00
89.610;1613.75;-19.56
89.630;1613.52;-19.14
89.650;1614.24;-18.88
89.670;1613.84;-21.30
89.690;1614.59;-18.40
89.710;1613.05;-19.71
89.730;1613.77;-19.56
89.750;1613.44;-19.95
89.770;1612.62;-20.51
89.790;1613.45;-20.06
89.810;1612.48;-19.94
89.830;1612.60;-20.19
89.850;1612.64;-19.80
89.870;1612.92;-19.01
89.890;1612.48;-20.01
89.910;1612.21;-20.77
89.930;1612.33;-20.26
89.950;1611.23;-20.35
89.970;1611.06;-19.90
89.990;1611.64;-18.48
90.010;1612.12;-19.36
90.030;1611.56;-20.03
90.050;1610.62;-18.10
90.070;1608.50;-21.53
90.090;1609.91;-19.82
90.110;1611.39;-20.24
90.130;1610.36;-19.72
90.150;1610.47;-20.79
90.170;1610.15;-19.37
90.190;1610.45;-19.95
90.210;1610.17;-19.11
90.230;1610.12;-20.91
90.250;1610.04;-20.20
90.270;1609.31;-20.76
90.290;1609.98;-18.69
90.310;1608.65;-18.51
90.330;1610.05;-19.65
90.350;1609.21;-19.44
90.370;1608.78;-19.36
90.390;1608.96;-18.61
90.410;1608.92;-20.44
90.430;1609.44;-20.20
90.450;1608.24;-19.34
90.470;1607.95;-20.16
90.490;1607.79;-18.93
90.510;1608.76;-21.03
90.530;1608.26;-19.23
90.550;1608.08;-20.54
90.570;1607.93;-19.91
90.590;1607.67;-18.89
90.610;1607.70;-19.36
90.630;1607.15;-19.47
90.650;1607.74;-20.00
90.670;1607.53;-19.86
90.690;1606.92;-18.99
90.710;1608.53;-20.67
90.730;1606.97;-20.61
90.750;1606.48;-20.58
90.770;1605.48;-19.96
90.790;1607.11;-19.34
90.810;1606.89;-18.63
90.830;1605.96;-20.07
90.850;1606.80;-19.47
90.870;1606.66;-20.36
90.890;1605.66;-19.66
90.910;1605.47;-19.01
90.930;1603.83;-20.50
90.950;1605.80;-19.31
90.970;1606.61;-19.86
90.990;1604.59;-18.99
91.010;1604.64;-17.17
91.030;1604.55;-19.86
91.050;1605.04;-19.33
91.070;1604.77;-18.84
91.090;1603.95;-19.43
91.110;1604.33;-18.38
91.130;1603.57;-19.75
91.150;1603.95;-19.20
91.170;1603.41;-17.81
91.190;1603.62;-19.20
91.210;1603.41;-21.26
91.230;1603.47;-19.66
91.250;1604.19;-18.11
91.270;1602.74;-17.70
91.290;1603.87;-20.36
91.310;1603.21;-19.58
91.330;1603.04;-19.03
91.350;1603.58;-18.53
91.370;1604.25;-19.06
91.390;1603.01;-19.41
91.410;1602.99;-19.65
91.430;1602.06;-17.93
91.450;1602.79;-19.44
91.470;1601.76;-19.83
91.490;1602.84;-20.13
91.510;1601.27;-20.46
91.530;1601.46;-20.10
91.550;1601.78;-19.90
91.570;1601.32;-19.57
91.590;1601.13;-19.91
91.610;1600.53;-18.51
91.630;1601.36;-19.65
91.650;1600.60;-20.28
91.670;1600.53;-19.86
91.690;1600.65;-21.77
91.710;1601.50;-19.71
91.730;1600.16;-19.44
91.750;1599.61;-19.18
91.770;1600.20;-19.44
91.790;1599.86;-19.45
91.810;1599.72;-18.35
91.830;1600.19;-19.40
91.850;1599.96;-20.10
91.870;1599.01;-19.64
91.890;1599.56;-19.07
91.910;1599.88;-21.46
91.930;1598.63;-19.34
91.950;1600.62;-19.16
91.970;1598.67;-19.50
91.990;1598.53;-20.11
92.010;1598.70;-20.10
92.030;1598.37;-20.14
92.050;1598.75;-19.37
92.070;1597.19;-19.98
92.090;1597.78;-19.99
92.110;1598.87;-20.30
92.130;1597.31;-20.23
92.150;1597.62;-19.21
92.170;1598.10;-17.55
92.190;1598.00;-19.21
92.210;1596.80;-21.60
92.230;1597.21;-19.68
92.250;1597.10;-18.96
92.270;1596.94;-19.09
92.290;1596.35;-19.86
92.310;1597.81;-20.30
92.330;1596.39;-19.10
92.350;1596.19;-19.26
92.370;1596.46;-19.72
92.390;1596.08;-19.87
92.410;1596.15;-18.12
92.430;1595.38;-21.73
92.450;1595.08;-21.09
92.470;1596.35;-18.15
92.490;1595.01;-19.30
92.510;1595.78;-19.62
92.530;1594.84;-19.25
92.550;1595.60;-20.11
92.570;1594.85;-19.08
92.590;1595.95;-19.08
92.610;1595.52;-21.53
92.630;1594.07;-19.74
92.650;1594.92;-20.15
92.670;1595.24;-19.38
92.690;1593.79;-20.52
92.710;1593.92;-20.05
92.730;1594.87;-19.90
92.750;1594.42;-20.12
92.770;1594.34;-18.86
92.790;1593.60;-19.82
92.810;1593.26;-18.28
92.830;1594.00;-19.73
92.850;1593.56;-18.95
92.870;1592.61;-18.98
92.890;1592.57;-19.46
92.910;1592.17;-19.34
92.930;1593.57;-18.85
92.950;1592.99;-18.48
92.970;1593.52;-19.98
92.990;1593.59;-19.75
93.010;1593.05;-18.25
93.030;1591.73;-17.83
93.050;1591.38;-20.11
93.070;1590.92;-20.37
93.090;1590.55;-18.07
93.110;1591.65;-17.50
93.130;1591.51;-19.16
93.150;1591.27;-19.73
93.170;1592.61;-18.74
93.190;1591.29;-21.02
93.210;1591.39;-18.90
93.230;1589.98;-18.98
93.250;1590.62;-20.26
93.270;1591.02;-19.30
93.290;1591.13;-18.96
93.310;1590.99;-19.30
93.330;1589.88;-19.37
93.350;1590.29;-19.41
93.370;1590.12;-19.66
93.390;1589.99;-21.43
93.410;1589.41;-19.50
93.430;1589.41;-19.39
93.450;1589.40;-21.16
93.470;1588.80;-19.69
93.490;1589.82;-18.50
93.510;1588.71;-20.27
93.530;1589.00;-20.39
93.550;1589.65;-19.97
93.570;1588.94;-20.36
93.590;1588.29;-19.94
93.610;1588.37;-18.91
93.630;1587.55;-19.39
93.650;1588.44;-19.85
93.670;1587.64;-19.96
93.690;1588.65;-18.65
93.710;1588.28;-19.91
93.730;1588.52;-19.35
93.750;1588.11;-18.71
93.770;1586.67;-20.47
93.790;1587.39;-19.71
93.810;1587.25;-17.29
93.830;1587.31;-18.94
93.850;1586.19;-19.62
93.870;1586.92;-18.72
93.890;1587.09;-18.75
93.910;1587.57;-18.27
93.930;1586.28;-19.63
93.950;1585.85;-17.94
93.970;1586.91;-18.60
93.990;1584.95;-19.64
94.010;1585.51;-19.72
94.030;1586.09;-19.18
94.050;1585.04;-19.41
94.070;1585.66;-19.67
94.090;1584.86;-20.01
94.110;1585.93;-20.37
94.130;1586.45;-18.88
94.150;1584.33;-20.01
94.170;1583.45;-19.03
94.190;1584.81;-19.25
94.210;1584.49;-21.01
94.230;1584.58;-19.61
94.250;1584.22;-20.07
94.270;1584.32;-18.94
94.290;1583.34;-19.42
94.310;1584.46;-19.90
94.330;1583.16;-20.38
94.350;1583.38;-19.58
94.370;1584.64;-18.12
94.390;1583.91;-19.34
94.410;1582.81;-18.71
94.430;1583.19;-19.60
94.450;1583.04;-19.11
94.470;1581.24;-20.27
94.490;1583.01;-19.74
94.510;1583.40;-21.75
94.530;1582.90;-20.51
94.550;1582.51;-20.58
94.570;1582.34;-20.36
94.590;1581.07;-19.21
94.610;1582.56;-19.65
94.630;1582.10;-19.31
94.650;1581.35;-18.81
94.670;1581.64;-19.05
94.690;1581.20;-19.38
94.710;1581.48;-20.51
94.730;1581.52;-19.54
94.750;1583.50;-19.61
94.770;1581.22;-20.82
94.790;1581.58;-20.50
94.810;1581.04;-20.01
94.830;1581.20;-18.25
94.850;1581.16;-19.01
94.870;1580.40;-18.95
94.890;1579.66;-18.95
94.910;1579.38;-18.54
94.930;1578.53;-19.24
94.950;1580.62;-18.59
94.970;1580.52;-20.50
94.990;1580.79;-20.67
95.010;1578.88;-19.89
95.030;1580.15;-19.76
95.050;1579.12;-19.77
95.070;1578.56;-19.82
95.090;1579.46;-18.87
95.110;1578.25;-19.12
95.130;1579.62;-18.71
95.150;1578.06;-20.20
95.170;1578.94;-18.90
95.190;1578.46;-18.76
95.210;1577.43;-18.03
95.230;1577.79;-20.32
95.250;1578.63;-19.12
95.270;1576.79;-19.59
95.290;1577.62;-20.97
95.310;1577.78;-19.09
95.330;1577.63;-19.51
95.350;1577.10;-19.10
95.370;1577.60;-18.00
95.390;1577.11;-19.69
95.410;1576.64;-20.20
95.430;1577.09;-20.24
95.450;1576.43;-18.59
95.470;1576.49;-20.52
95.490;1575.84;-20.36
95.510;1575.78;-18.57
95.530;1576.62;-19.36
95.550;1576.02;-19.73
95.570;1576.14;-19.51
95.590;1575.44;-19.25
95.610;1575.29;-19.74
95.630;1575.32;-19.97
95.650;1575.99;-19.01
95.670;1575.62;-19.61
95.690;1575.47;-19.69
95.710;1575.75;-18.60
95.730;1575.21;-19.72
95.750;1575.12;-18.46
95.770;1574.64;-18.34
95.790;1574.51;-19.03
95.810;1574.33;-20.17
95.830;1575.07;-19.95
95.850;1573.76;-19.16
95.870;1573.93;-18.38
95.890;1574.10;-18.76
95.910;1574.17;-18.99
95.930;1573.81;-20.28
95.950;1573.60;-18.43
95.970;1574.67;-20.85
95.990;1573.28;-18.67
96.010;1573.09;-19.13
96.030;1572.24;-19.05
96.050;1573.26;-20.34
96.070;1572.14;-19.93
96.090;1572.46;-20.36
96.110;1572.32;-20.62
96.130;1571.73;-19.37
96.150;1571.65;-19.43
96.170;1571.80;-20.20
96.190;1571.08;-19.41
96.210;1571.75;-18.82
96.230;1569.99;-19.51
96.250;1571.13;-17.90
96.270;1571.54;-20.97
96.290;1571.20;-20.63
96.310;1570.75;-20.31
96.330;1569.92;-19.55
96.350;1570.69;-20.06
96.370;1570.92;-20.13
96.390;1570.50;-18.32
96.410;1571.65;-19.03
96.430;1569.36;-19.58
96.450;1569.81;-19.67
96.470;1570.32;-19.82
96.490;1569.96;-18.34
96.510;1570.57;-19.16
96.530;1570.11;-17.74
96.550;1570.41;-18.23
96.570;1570.57;-19.24
96.590;1568.90;-18.47
96.610;1569.15;-20.24
96.630;1569.94;-19.50
96.650;1568.70;-20.40
96.670;1568.84;-19.25
96.690;1568.71;-19.75
96.710;1568.44;-20.30
96.730;1568.96;-19.67
96.750;1568.83;-20.42
96.770;1568.32;-18.26
96.790;1569.49;-20.90
96.810;1567.59;-20.18
96.830;1567.64;-19.10
96.850;1567.78;-19.79
96.870;1567.23;-20.40
96.890;1566.98;-20.43
96.910;1567.09;-18.94
96.930;1566.26;-20.67
96.950;1566.37;-19.60
96.970;1566.80;-18.77
96.990;1566.49;-18.90
97.010;1567.01;-20.62
97.030;1567.53;-19.77
97.050;1566.08;-20.67
97.070;1566.59;-19.09
97.090;1565.79;-19.20
97.110;1566.05;-18.82
97.130;1566.41;-18.32
97.150;1565.10;-19.65
97.170;1566.69;-18.55
97.190;1564.61;-19.61
97.210;1565.14;-19.89
97.230;1564.62;-19.77
97.250;1565.54;-21.40
97.270;1565.17;-19.78
97.290;1565.07;-19.31
97.310;1564.77;-20.35
97.330;1563.97;-20.43
97.350;1564.52;-19.11
97.370;1564.17;-20.32
97.390;1563.64;-18.86
97.410;1563.90;-20.66
97.430;1563.97;-18.50
97.450;1564.87;-20.70
97.470;1563.74;-20.13
97.490;1563.17;-19.03
97.510;1564.12;-18.95
97.530;1563.51;-19.08
97.550;1562.97;-19.92
97.570;1562.64;-20.59
97.590;1562.68;-20.75
97.610;1562.43;-19.95
97.630;1562.92;-20.06
97.650;1562.56;-19.71
97.670;1562.08;-20.47
97.690;1562.13;-19.18
97.710;1561.64;-19.13
97.730;1563.02;-19.80
97.750;1562.07;-18.65
97.770;1561.60;-19.84
97.790;1561.35;-19.70
97.810;1562.64;-20.97
97.830;1561.01;-19.26
97.850;1561.51;-20.06
97.870;1560.67;-20.44
97.890;1560.54;-21.70
97.910;1562.18;-19.76
97.930;1560.40;-18.74
97.950;1560.64;-19.26
97.970;1561.08;-20.48
97.990;1560.03;-19.86
98.010;1559.78;-19.05
98.030;1560.14;-19.05
98.050;1560.67;-20.47
98.070;1559.47;-19.16
98.090;1560.14;-19.45
98.110;1559.38;-19.55
98.130;1560.31;-20.11
98.150;1559.33;-19.33
98.170;1559.47;-19.49
98.190;1559.44;-19.59
98.210;1559.48;-18.56
98.230;1559.17;-19.43
98.250;1560.71;-19.01
98.270;1558.16;-19.51
98.290;1559.23;-18.58
98.310;1559.16;-16.81
98.330;1558.55;-18.46
98.350;1558.49;-19.62
98.370;1557.83;-19.06
98.390;1557.35;-20.25
98.410;1559.19;-20.85
98.430;1558.58;-20.21
98.450;1558.11;-18.18
98.470;1558.47;-19.49
98.490;1557.34;-19.00
98.510;1557.50;-19.18
98.530;1557.36;-20.66
98.550;1556.85;-19.92
98.570;1556.92;-19.83
98.590;1556.52;-20.19
98.610;1555.96;-19.47
98.630;1556.76;-20.03
98.650;1556.48;-18.44
98.670;1557.46;-20.63
98.690;1556.30;-20.64
98.710;1557.32;-19.01
98.730;1556.93;-18.83
98.750;1556.74;-17.96
98.770;1554.98;-19.04
98.790;1555.21;-18.49
98.810;1555.89;-20.80
98.830;1555.92;-20.63
98.850;1554.96;-20.46
98.870;1554.38;-18.80
98.890;1555.20;-19.69
98.910;1555.04;-18.12
98.930;1554.18;-19.65
98.950;1555.29;-18.53
98.970;1554.23;-20.23
98.990;1552.95;-20.42
99.010;1554.93;-19.28
99.030;1553.41;-18.49
99.050;1553.46;-19.49
99.070;1552.44;-20.75
99.090;1553.24;-18.65
99.110;1554.10;-18.56
99.130;1552.89;-18.91
99.150;1552.84;-19.61
99.170;1553.44;-19.14
99.190;1553.55;-18.79
99.210;1553.32;-17.74
99.230;1553.14;-19.65
99.250;1551.71;-19.31
99.270;1552.24;-19.85
99.290;1552.79;-18.98
99.310;1552.05;-19.99
99.330;1552.73;-18.47
99.350;1551.71;-19.58
99.370;1552.27;-19.91
99.390;1551.94;-18.94
99.410;1550.99;-19.20
99.430;1552.32;-18.32
99.450;1552.30;-19.41
99.470;1551.32;-18.99
99.490;1550.35;-19.37
99.510;1551.06;-19.45
99.530;1550.17;-18.66
99.550;1550.78;-18.60
99.570;1549.58;-19.45
99.590;1550.70;-20.66
99.610;1551.21;-19.36
99.630;1549.43;-18.85
99.650;1550.36;-20.01
99.670;1550.06;-19.42
99.690;1549.29;-18.42
99.710;1548.91;-19.09
99.730;1549.91;-19.61
99.750;1549.09;-19.69
99.770;1548.74;-19.12
99.790;1548.79;-19.35
99.810;1548.54;-19.57
99.830;1549.24;-20.09
99.850;1548.87;-21.12
99.870;1548.76;-20.35
99.890;1548.42;-19.10
99.910;1548.73;-19.36
99.930;1548.20;-19.00
99.950;1549.26;-19.95
99.970;1547.81;-20.79
99.990;1547.72;-19.43
100.010;1546.74;-19.01
100.030;1546.85;-19.94
100.050;1547.21;-19.59
100.070;1547.89;-20.89
100.090;1546.61;-19.49
100.110;1547.40;-20.21
100.130;1547.04;-19.58
100.150;1546.50;-21.28
100.170;1546.43;-19.67
100.190;1545.96;-18.86
100.210;1545.17;-19.57
100.230;1546.09;-18.54
100.250;1546.83;-20.58
100.270;1545.19;-19.60
100.290;1546.93;-18.59
100.310;1545.90;-20.74
100.330;1546.68;-20.50
100.350;1546.33;-19.42
100.370;1545.40;-19.97
100.390;1546.00;-19.69
100.410;1545.37;-19.72
100.430;1545.19;-21.01
100.450;1544.99;-19.32
100.470;1545.95;-20.58
100.490;1545.24;-20.48
100.510;1544.36;-20.15
100.530;1544.36;-19.93
100.550;1544.53;-20.08
100.570;1544.74;-20.49
100.590;1543.69;-21.13
100.610;1544.14;-20.58
100.630;1543.95;-20.21
100.650;1544.42;-20.57
100.670;1544.43;-20.20
100.690;1543.30;-20.54
100.710;1542.82;-21.45
100.730;1543.03;-20.68
100.750;1543.57;-20.29
100.770;1542.39;-20.26
100.790;1543.41;-19.49
100.810;1543.36;-19.72
100.830;1543.31;-19.32
100.850;1542.11;-20.71
100.870;1541.76;-19.76
100.890;1541.74;-19.40
100.910;1540.76;-19.59
100.930;1542.46;-20.02
100.950;1541.74;-21.28
100.970;1541.95;-20.33
100.990;1542.63;-18.52
101.010;1541.55;-20.16
101.030;1541.41;-19.70
101.050;1541.47;-19.06
101.070;1542.35;-19.77
101.090;1541.67;-20.02
101.110;1541.55;-20.45
101.130;1541.01;-20.62
101.150;1541.47;-19.50
101.170;1540.22;-19.74
101.190;1540.48;-19.99
101.210;1540.39;-19.71
101.230;1539.21;-20.06
101.250;1541.27;-18.20
101.270;1540.30;-19.08
101.290;1540.60;-20.11
101.310;1539.82;-19.65
101.330;1539.49;-20.12
101.350;1539.99;-19.08
101.370;1539.18;-20.37
101.390;1538.29;-20.31
101.410;1539.96;-18.85
101.430;1538.78;-19.80
101.450;1539.86;-20.73
101.470;1538.23;-20.04
101.490;1538.99;-18.70
101.510;1539.19;-19.75
101.530;1537.39;-19.93
101.550;1537.51;-19.26
101.570;1539.02;-19.69
101.590;1538.32;-18.90
101.610;1537.79;-21.15
101.630;1537.04;-19.68
101.650;1538.25;-18.71
101.670;1538.39;-21.40
101.690;1536.62;-21.41
101.710;1537.84;-19.66
101.730;1537.35;-17.63
101.750;1535.91;-20.94
101.770;1537.22;-18.00
101.790;1536.87;-19.72
101.810;1537.27;-19.10
101.830;1536.34;-19.45
101.850;1536.43;-18.29
101.870;1536.31;-20.27
101.890;1537.04;-18.87
101.910;1536.36;-18.56
101.930;1536.30;-19.62
101.950;1535.77;-19.81
101.970;1536.69;-18.98
101.990;1535.82;-19.47
102.010;1535.62;-20.53
102.030;1534.05;-19.81
102.050;1534.73;-20.31
102.070;1534.92;-18.94
102.090;1536.26;-19.02
102.110;1536.35;-19.70
102.130;1534.87;-19.84
102.150;1535.62;-20.05
102.170;1535.44;-18.29
102.190;1535.18;-19.79
102.210;1533.89;-19.54
102.230;1534.33;-18.92
102.250;1534.11;-19.36
102.270;1534.04;-19.05
102.290;1532.81;-19.87
102.310;1533.67;-20.05
102.330;1534.16;-19.82
102.350;1532.93;-20.04
102.370;1533.20;-19.44
102.390;1533.43;-20.48
102.410;1533.20;-21.02
102.430;1532.90;-19.29
102.450;1532.67;-19.83
102.470;1533.81;-19.24
102.490;1532.97;-18.36
102.510;1531.97;-19.26
102.530;1532.69;-20.11
102.550;1530.86;-19.54
102.570;1532.27;-19.36
102.590;1532.26;-20.79
102.610;1532.69;-19.03
102.630;1532.53;-20.13
102.650;1531.91;-20.81
102.670;1530.96;-20.29
102.690;1531.49;-20.07
102.710;1531.53;-20.49
102.730;1532.69;-18.44
102.750;1530.40;-19.26
102.770;1531.50;-17.91
102.790;1531.44;-20.13
102.810;1531.87;-20.59
102.830;1530.04;-18.78
102.850;1530.52;-19.21
102.870;1530.45;-19.34
102.890;1530.63;-20.18
102.910;1531.24;-19.26
102.930;1529.85;-19.65
102.950;1529.77;-18.46
102.970;1529.40;-17.88
102.990;1529.71;-19.85
103.010;1530.19;-19.26
103.030;1529.65;-19.85
103.050;1529.61;-19.42
103.070;1529.10;-18.80
103.090;1529.02;-19.54
103.110;1528.92;-21.03
103.130;1529.70;-19.06
103.150;1527.75;-18.91
103.170;1528.61;-20.53
103.190;1527.62;-20.16
103.210;1528.29;-19.69
103.230;1529.89;-20.67
103.250;1527.97;-20.16
103.270;1528.35;-20.28
103.290;1527.77;-18.65
103.310;1527.61;-18.35
103.330;1527.48;-20.05
103.350;1527.98;-19.00
103.370;1528.33;-20.16
103.390;1527.65;-19.26
103.410;1526.77;-19.91
103.430;1525.61;-18.73
103.450;1526.40;-20.30
103.470;1526.34;-19.10
103.490;1526.35;-18.38
103.510;1526.48;-19.88
103.530;1527.13;-19.23
103.550;1527.39;-18.55
103.570;1525.04;-19.79
103.590;1526.21;-20.71
103.610;1525.08;-19.57
103.630;1526.51;-18.77
103.650;1526.45;-18.28
103.670;1526.79;-19.96
103.690;1525.50;-19.29
103.710;1525.66;-19.21
103.730;1524.90;-19.20
103.750;1525.59;-20.12
103.770;1525.16;-18.87
103.790;1525.95;-18.67
103.810;1524.62;-18.32
103.830;1524.87;-19.94
103.850;1524.40;-18.94
103.870;1524.19;-18.58
103.890;1524.51;-21.06
103.910;1524.68;-20.75
103.930;1525.14;-18.38
103.950;1522.56;-18.76
103.970;1524.41;-18.89
103.990;1524.18;-19.19
104.010;1523.95;-18.88
104.030;1523.68;-18.76
104.050;1523.83;-19.35
104.070;1522.66;-19.97
104.090;1523.37;-19.89
104.110;1523.01;-19.68
104.130;1522.76;-18.85
104.150;1522.95;-18.58
104.170;1522.59;-19.66
104.190;1522.63;-19.44
104.210;1521.94;-18.37
104.230;1522.68;-20.70
104.250;1523.49;-18.69
104.270;1523.16;-19.30
104.290;1521.82;-19.66
104.310;1522.56;-21.09
104.330;1521.35;-17.82
104.350;1521.41;-19.61
104.370;1522.19;-19.95
104.390;1520.35;-18.71
104.410;1521.22;-19.50
104.430;1519.49;-21.24
104.450;1520.85;-19.07
104.470;1520.97;-21.07
104.490;1521.22;-20.46
104.510;1521.86;-20.20
104.530;1520.68;-21.10
104.550;1520.75;-20.20
104.570;1521.19;-20.44
104.590;1520.50;-19.75
104.610;1521.14;-19.25
104.630;1520.16;-18.22
104.650;1519.24;-18.69
104.670;1519.61;-20.27
104.690;1520.06;-20.29
104.710;1519.77;-20.35
104.730;1519.63;-20.36
104.750;1519.01;-20.04
104.770;1519.22;-19.29
104.790;1518.82;-18.57
104.810;1517.94;-19.83
104.830;1518.66;-19.56
104.850;1517.79;-20.60
104.870;1518.32;-19.22
104.890;1518.36;-20.14
104.910;1518.14;-19.84
104.930;1517.94;-20.10
104.950;1518.19;-21.75
104.970;1518.02;-19.71
104.990;1517.94;-18.39
105.010;1517.65;-18.68
105.030;1517.66;-19.99
105.050;1519.08;-19.47
105.070;1517.03;-18.23
105.090;1517.51;-17.73
105.110;1518.30;-19.90
105.130;1517.21;-18.48
105.150;1516.80;-18.02
105.170;1516.35;-19.18
105.190;1517.05;-19.20
105.210;1516.90;-19.20
105.230;1516.46;-18.96
105.250;1517.09;-19.33
105.270;1516.06;-19.97
105.290;1515.95;-19.92
105.310;1515.49;-19.19
105.330;1516.65;-21.10
105.350;1516.05;-20.23
105.370;1516.01;-19.18
105.390;1516.86;-20.46
105.410;1515.68;-19.60
105.430;1515.58;-19.96
105.450;1515.32;-20.05
105.470;1514.50;-19.33
105.490;1514.25;-19.16
105.510;1513.95;-18.99
105.530;1513.17;-19.47
105.550;1514.62;-19.63
105.570;1513.70;-18.95
105.590;1513.48;-19.02
105.610;1513.66;-17.78
105.630;1514.50;-18.97
105.650;1513.08;-19.01
105.670;1512.73;-20.29
105.690;1513.03;-19.80
105.710;1514.96;-17.65
105.730;1512.78;-20.39
105.750;1512.78;-19.69
105.770;1513.06;-17.80
105.790;1513.69;-20.69
105.810;1512.30;-19.20
105.830;1512.06;-19.35
105.850;1512.31;-21.39
105.870;1512.18;-21.25
105.890;1512.34;-19.78
105.910;1511.74;-20.92
105.930;1512.35;-18.94
105.950;1511.00;-19.45
105.970;1512.34;-20.32
105.990;1511.65;-18.07
106.010;1511.89;-18.79
106.030;1511.41;-19.68
106.050;1510.52;-19.64
106.070;1511.37;-20.33
106.090;1511.22;-18.87
106.110;1511.78;-20.11
106.130;1510.01;-19.59
106.150;1510.78;-19.19
106.170;1511.29;-18.03
106.190;1510.43;-19.77
106.210;1509.92;-18.80
106.230;1509.95;-19.46
106.250;1509.93;-20.03
106.270;1509.59;-19.67
106.290;1509.83;-19.76
106.310;1510.49;-20.60
106.330;1507.61;-19.78
106.350;1508.83;-20.87
106.370;1509.22;-20.56
106.390;1509.04;-21.25
106.410;1509.17;-19.26
106.430;1507.78;-21.46
106.450;1509.11;-19.61
106.470;1508.54;-18.06
106.490;1507.92;-21.09
106.510;1507.09;-18.78
106.530;1508.41;-20.30
106.550;1508.54;-18.96
106.570;1507.50;-19.43
106.590;1507.27;-22.19
106.610;1507.13;-20.55
106.630;1509.22;-21.27
106.650;1506.82;-20.13
106.670;1507.29;-19.29
106.690;1507.15;-21.11
106.710;1506.87;-20.20
106.730;1507.42;-20.66
106.750;1506.78;-19.50
106.770;1506.83;-19.82
106.790;1507.15;-19.64
106.810;1506.43;-19.58
106.830;1508.15;-20.87
106.850;1505.54;-19.34
106.870;1504.81;-19.56
106.890;1505.28;-19.86
106.910;1506.52;-20.39
106.930;1505.57;-19.59
106.950;1505.99;-19.27
106.970;1505.97;-18.82
106.990;1505.14;-18.88
107.010;1505.11;-19.12
107.030;1504.71;-19.14
107.050;1504.94;-19.40
107.070;1504.72;-18.96
107.090;1504.34;-18.52
107.110;1504.59;-18.27
107.130;1504.90;-19.70
107.150;1503.48;-20.28
107.170;1505.24;-20.36
107.190;1504.46;-19.09
107.210;1503.76;-19.72
107.230;1503.98;-19.08
107.250;1503.77;-19.42
107.270;1503.47;-19.12
107.290;1503.14;-19.30
107.310;1503.49;-19.38
107.330;1504.32;-19.54
107.350;1503.31;-18.25
107.370;1503.48;-19.99
107.390;1503.74;-20.67
107.410;1502.33;-20.71
107.430;1501.42;-19.96
107.450;1502.83;-20.43
107.470;1501.66;-19.80
107.490;1502.37;-19.85
107.510;1501.39;-20.04
107.530;1501.93;-19.66
107.550;1502.56;-19.61
107.570;1501.73;-20.78
107.590;1503.56;-18.18
107.610;1500.79;-18.50
107.630;1501.26;-20.56
107.650;1501.91;-19.30
107.670;1500.76;-20.31
107.690;1501.09;-20.67
107.710;1500.70;-18.90
107.730;1501.05;-20.26
107.750;1500.68;-20.26
107.770;1500.89;-20.35
107.790;1500.66;-18.97
107.810;1500.15;-19.54
107.830;1499.76;-20.33
107.850;1499.70;-17.87
107.870;1499.20;-19.29
107.890;1500.09;-19.39
107.910;1499.63;-19.95
107.930;1499.70;-20.81
107.950;1499.49;-19.04
107.970;1498.73;-20.02
107.990;1500.38;-20.29
108.010;1499.61;-19.79
108.030;1499.97;-20.05
108.050;1498.68;-18.85
108.070;1498.68;-19.75
108.090;1499.24;-19.84
108.110;1498.36;-19.51
108.130;1499.08;-19.75
108.150;1499.23;-20.25
108.170;1497.92;-20.11
108.190;1498.82;-19.35
108.210;1497.67;-19.01
108.230;1497.60;-19.63
108.250;1497.82;-20.00
108.270;1497.77;-18.91
108.290;1497.48;-19.03
108.310;1496.71;-19.55
108.330;1497.65;-19.47
108.350;1497.48;-18.37
108.370;1497.98;-18.78
108.390;1497.70;-17.73
108.410;1495.89;-19.23
108.430;1497.19;-19.99
108.450;1497.51;-19.90
108.470;1495.01;-19.61
108.490;1496.42;-19.03
108.510;1495.55;-20.85
108.530;1496.05;-19.46
108.550;1495.86;-17.88
108.570;1496.27;-19.71
108.590;1496.14;-20.75
108.610;1495.63;-19.02
108.630;1495.40;-19.10
108.650;1495.00;-19.57
108.670;1495.39;-20.74
108.690;1494.70;-19.36
108.710;1495.09;-18.63
108.730;1494.98;-20.02
108.750;1494.19;-20.87
108.770;1494.92;-19.38
108.790;1494.69;-18.28
108.810;1494.12;-20.09
108.830;1494.49;-17.53
108.850;1494.58;-17.39
108.870;1493.38;-19.58
108.890;1493.75;-17.43
108.910;1493.51;-17.81
108.930;1494.40;-18.56
108.950;1492.69;-20.20
108.970;1491.90;-19.13
108.990;1492.14;-19.35
109.010;1493.78;-17.11
109.030;1493.21;-20.29
109.050;1494.09;-18.71
109.070;1494.34;-19.86
109.090;1492.06;-19.59
109.110;1492.43;-20.11
109.130;1491.28;-19.55
109.150;1491.77;-19.73
109.170;1491.82;-19.59
109.190;1492.69;-19.09
109.210;1491.76;-20.72
109.230;1491.28;-19.57
109.250;1491.26;-20.36
109.270;1491.06;-20.08
109.290;1491.22;-18.97
109.310;1490.73;-18.61
109.330;1490.40;-19.72
109.350;1489.36;-20.28
109.370;1489.79;-18.76
109.390;1490.93;-20.35
109.410;1490.19;-19.47
109.430;1489.81;-19.97
109.450;1490.74;-21.28
109.470;1491.23;-20.27
109.490;1489.78;-20.43
109.510;1490.01;-18.90
109.530;1489.97;-18.62
109.550;1489.57;-18.71
109.570;1489.81;-20.08
109.590;1488.35;-19.33
109.610;1490.16;-18.62
109.630;1489.98;-19.91
109.650;1489.35;-18.76
109.670;1488.14;-19.77
109.690;1488.07;-20.72
109.710;1487.85;-18.16
109.730;1488.84;-19.64
109.750;1488.55;-19.97
109.770;1488.37;-18.90
109.790;1488.26;-19.62
109.810;1486.68;-19.54
109.830;1488.49;-19.35
109.850;1488.43;-19.83
109.870;1487.67;-20.21
109.890;1487.45;-20.62
109.910;1488.16;-19.72
109.930;1486.84;-19.28
109.950;1486.22;-20.23
109.970;1486.74;-20.47
109.990;1486.61;-20.72
110.010;1486.66;-18.75
110.030;1486.32;-19.33
110.050;1485.98;-18.73
110.070;1486.31;-20.49
110.090;1486.51;-18.51
110.110;1485.44;-19.23
110.130;1485.62;-19.75
110.150;1486.43;-20.50
110.170;1485.82;-19.31
110.190;1485.69;-19.58
110.210;1486.18;-20.22
110.230;1484.95;-19.72
110.250;1485.80;-20.11
110.270;1485.34;-19.82
110.290;1485.53;-19.10
110.310;1484.55;-19.06
110.330;1485.45;-19.21
110.350;1483.34;-19.94
110.370;1483.15;-20.57
110.390;1484.57;-20.57
110.410;1483.49;-19.41
110.430;1483.53;-20.53
110.450;1483.56;-20.69
110.470;1483.60;-20.20
110.490;1483.88;-19.91
110.510;1484.20;-20.44
110.530;1483.85;-19.79
110.550;1483.44;-19.50
110.570;1483.12;-20.28
110.590;1483.00;-19.92
110.610;1483.42;-20.40
110.630;1483.14;-20.17
110.650;1481.74;-19.96
110.670;1481.98;-18.60
110.690;1482.48;-19.70
110.710;1483.56;-19.50
110.730;1481.77;-18.67
110.750;1482.17;-18.69
110.770;1481.85;-18.88
110.790;1481.36;-18.90
110.810;1482.03;-18.36
110.830;1481.77;-19.10
110.850;1481.20;-18.50
110.870;1481.86;-18.49
110.890;1480.56;-20.39
110.910;1480.59;-19.40
110.930;1480.16;-19.91
110.950;1480.44;-18.76
110.970;1480.28;-19.15
110.990;1480.20;-21.58
111.010;1480.56;-19.70
111.030;1479.91;-21.33
111.050;1480.50;-19.88
111.070;1480.16;-19.42
111.090;1479.88;-19.38
111.110;1479.11;-19.88
111.130;1477.94;-19.74
111.150;1479.44;-19.85
111.170;1478.28;-20.23
111.190;1479.17;-19.24
111.210;1479.32;-19.43
111.230;1478.97;-19.28
111.250;1478.54;-19.64
111.270;1478.67;-18.62
111.290;1478.52;-20.64
111.310;1478.62;-19.93
111.330;1479.31;-19.52
111.350;1477.71;-20.38
111.370;1477.79;-20.46
111.390;1477.46;-20.87
111.410;1477.80;-17.80
111.430;1478.76;-20.77
111.450;1477.69;-18.04
111.470;1476.59;-19.10
111.490;1476.95;-19.14
111.510;1477.42;-20.76
111.530;1477.77;-20.97
111.550;1477.46;-20.17
111.570;1476.22;-18.97
111.590;1476.15;-21.31
111.610;1476.36;-20.56
111.630;1476.49;-19.15
111.650;1476.13;-21.20
111.670;1475.43;-20.13
111.690;1476.12;-20.29
111.710;1476.26;-19.72
111.730;1475.38;-18.14
111.750;1475.24;-18.67
111.770;1475.91;-19.94
111.790;1476.19;-18.67
111.810;1474.73;-20.31
111.830;1475.03;-19.76
111.850;1474.29;-19.97
111.870;1475.62;-18.11
111.890;1474.68;-19.55
111.910;1473.97;-19.04
111.930;1473.86;-19.14
111.950;1474.50;-19.60
111.970;1474.04;-18.96
111.990;1474.34;-19.40
112.010;1474.01;-18.86
112.030;1472.82;-19.19
112.050;1473.22;-19.62
112.070;1473.93;-19.33
112.090;1471.81;-20.72
112.110;1472.45;-20.60
112.130;1473.12;-19.31
112.150;1472.65;-18.61
112.170;1473.65;-17.64
112.190;1473.29;-19.88
112.210;1472.87;-20.44
112.230;1472.71;-20.71
112.250;1472.75;-18.42
112.270;1471.42;-19.84
112.290;1472.16;-19.87
112.310;1471.60;-20.43
112.330;1471.24;-19.55
112.350;1473.44;-20.00
112.370;1472.10;-19.61
112.390;1471.39;-20.02
112.410;1470.64;-19.85
112.430;1471.72;-19.90
112.450;1470.48;-20.58
112.470;1469.81;-20.77
112.490;1470.52;-19.60
112.510;1469.77;-19.20
112.530;1470.63;-20.04
112.550;1470.68;-18.36
112.570;1470.65;-19.48
112.590;1469.97;-19.62
112.610;1469.29;-18.57
112.630;1469.47;-19.97
112.650;1468.93;-18.80
112.670;1469.50;-19.55
112.690;1469.49;-19.65
112.710;1468.86;-19.79
112.730;1469.40;-20.65
112.750;1468.74;-19.58
112.770;1468.91;-18.28
112.790;1468.89;-19.64
112.810;1468.21;-19.69
112.830;1468.20;-20.49
112.850;1469.32;-20.94
112.870;1467.24;-21.25
112.890;1467.83;-21.00
112.910;1468.21;-20.76
112.930;1467.74;-20.45
112.950;1468.10;-18.98
112.970;1467.81;-18.91
112.990;1468.21;-21.38
113.010;1466.46;-20.16
113.030;1467.81;-21.80
113.050;1467.66;-21.10
113.070;1467.66;-18.79
113.090;1466.34;-20.25
113.110;1466.85;-20.00
113.130;1466.66;-20.38
113.150;1467.09;-19.46
113.170;1466.20;-20.39
113.190;1466.66;-20.35
113.210;1465.62;-20.81
113.230;1466.42;-20.10
113.250;1466.05;-20.20
113.270;1465.74;-20.46
113.290;1465.08;-19.53
113.310;1465.16;-20.96
113.330;1465.74;-20.92
113.350;1464.74;-19.28
113.370;1465.99;-19.79
113.390;1465.09;-20.64
113.410;1465.37;-20.25
113.430;1464.34;-20.56
113.450;1464.17;-19.93
113.470;1464.70;-21.64
113.490;1464.30;-19.85
113.510;1464.07;-19.41
113.530;1463.69;-19.49
113.550;1463.69;-18.87
113.570;1463.31;-18.36
113.590;1464.25;-20.57
113.610;1462.96;-18.32
113.630;1462.59;-18.81
113.650;1465.27;-19.19
113.670;1462.16;-18.59
113.690;1463.59;-19.09
113.710;1463.19;-21.37
113.730;1462.69;-20.71
113.750;1462.33;-19.23
113.770;1461.14;-19.57
113.790;1462.64;-20.90
113.810;1462.78;-19.74
113.830;1462.80;-19.89
113.850;1462.25;-20.50
113.870;1462.45;-17.73
113.890;1461.09;-18.99
113.910;1460.75;-19.00
113.930;1461.93;-18.99
113.950;1461.57;-18.75
113.970;1460.81;-20.38
113.990;1461.03;-18.94
114.010;1460.14;-18.22
114.030;1460.95;-18.54
114.050;1460.44;-18.22
114.070;1460.97;-20.23
114.090;1460.61;-18.56
114.110;1461.21;-20.44
114.130;1460.37;-18.81
114.150;1460.69;-19.00
114.170;1460.67;-19.16
114.190;1459.54;-20.11
114.210;1461.21;-20.19
114.230;1460.11;-19.15
114.250;1459.44;-18.69
114.270;1459.53;-18.40
114.290;1459.73;-17.73
114.310;1459.68;-18.71
114.330;1457.97;-20.32
114.350;1457.41;-19.35
114.370;1457.61;-19.88
114.390;1458.20;-18.13
114.410;1457.64;-20.35
114.430;1459.07;-20.10
114.450;1458.70;-18.43
114.470;1457.87;-19.36
114.490;1457.55;-17.94
114.510;1458.88;-18.61
114.530;1457.90;-19.03
114.550;1457.42;-19.33
114.570;1457.70;-19.83
114.590;1456.98;-19.70
114.610;1458.04;-18.44
114.630;1457.48;-20.81
114.650;1456.10;-20.39
114.670;1457.03;-19.66
114.690;1457.49;-17.90
114.710;1456.63;-19.63
114.730;1456.66;-18.32
114.750;1456.05;-18.64
114.770;1455.71;-19.10
114.790;1456.51;-20.47
114.810;1455.68;-21.19
114.830;1456.15;-20.21
114.850;1456.19;-19.18
114.870;1455.47;-19.25
114.890;1456.12;-20.86
114.910;1456.10;-18.87
114.930;1455.33;-19.04
114.950;1454.97;-19.69
114.970;1455.11;-18.49
114.990;1455.65;-20.54
115.010;1454.62;-19.47
115.030;1455.51;-20.05
115.050;1454.36;-19.92
115.070;1455.02;-18.90
115.090;1454.25;-20.09
115.110;1453.31;-19.88
115.130;1453.01;-19.76
115.150;1453.92;-20.60
115.170;1453.64;-19.95
115.190;1453.40;-19.82
115.210;1453.30;-20.27
115.230;1454.17;-20.64
115.250;1453.03;-19.55
115.270;1453.01;-18.90
115.290;1453.34;-19.09
115.310;1452.58;-20.11
115.330;1453.21;-19.01
115.350;1453.86;-20.84
115.370;1451.30;-18.65
115.390;1453.07;-19.01
115.410;1452.57;-19.68
115.430;1452.13;-18.11
115.450;1451.85;-19.72
115.470;1452.17;-19.44
115.490;1451.99;-20.56
115.510;1451.32;-18.56
115.530;1450.98;-19.65
115.550;1450.85;-19.05
115.570;1451.46;-19.22
115.590;1450.63;-20.19
115.610;1449.48;-19.60
115.630;1450.31;-20.72
115.650;1449.84;-19.78
115.670;1450.15;-18.74
115.690;1450.12;-19.65
115.710;1448.84;-19.99
115.730;1449.69;-20.58
115.750;1449.00;-19.18
115.770;1449.80;-20.58
115.790;1449.51;-18.54
115.810;1450.13;-20.79
115.830;1450.92;-21.08
115.850;1448.41;-18.90
115.870;1449.24;-19.17
115.890;1447.65;-19.43
115.910;1449.44;-19.93
115.930;1449.94;-19.92
115.950;1447.72;-18.98
115.970;1449.26;-19.61
115.990;1448.17;-18.74
116.010;1448.33;-19.44
116.030;1447.76;-18.30
116.050;1448.20;-18.15
116.070;1447.88;-18.93
116.090;1447.24;-19.01
116.110;1447.84;-18.70
116.130;1448.60;-18.90
116.150;1447.64;-18.40
116.170;1446.83;-19.69
116.190;1447.95;-19.76
116.210;1446.74;-19.86
116.230;1447.20;-18.68
116.250;1446.21;-18.18
116.270;1445.86;-17.75
116.290;1446.17;-18.46
116.310;1446.42;-19.16
116.330;1446.55;-20.30
116.350;1445.91;-18.92
116.370;1445.49;-19.17
116.390;1444.31;-19.44
116.410;1445.85;-18.98
116.430;1444.74;-20.31
116.450;1444.94;-18.69
116.470;1445.94;-19.72
116.490;1445.34;-18.10
116.510;1444.39;-19.04
116.530;1445.17;-18.95
116.550;1445.51;-17.34
116.570;1444.60;-18.56
116.590;1444.71;-18.66
116.610;1444.59;-18.45
116.630;1443.42;-18.07
116.650;1443.44;-19.90
116.670;1444.01;-19.35
116.690;1443.55;-20.66
116.710;1444.32;-20.72
116.730;1443.55;-20.09
116.750;1442.72;-19.14
116.770;1442.89;-18.57
116.790;1442.60;-19.66
116.810;1442.86;-20.46
116.830;1441.22;-20.40
116.850;1442.67;-19.19
116.870;1442.17;-18.81
116.890;1442.67;-19.06
116.910;1442.84;-20.18
116.930;1441.77;-18.80
116.950;1441.42;-19.05
116.970;1442.50;-20.39
116.990;1441.27;-20.82
117.010;1440.46;-18.91
117.030;1441.03;-19.17
117.050;1440.63;-19.88
117.070;1441.09;-18.13
117.090;1440.70;-20.03
117.110;1440.73;-19.01
117.130;1440.64;-19.97
117.150;1440.24;-20.05
117.170;1441.62;-18.76
117.190;1439.96;-20.87
117.210;1440.92;-19.04
117.230;1439.53;-20.18
117.250;1439.62;-19.06
117.270;1440.02;-19.58
117.290;1439.62;-20.27
117.310;1439.26;-18.25
117.330;1439.99;-20.97
117.350;1439.10;-17.50
117.370;1438.63;-18.90
117.390;1438.22;-18.55
117.410;1437.50;-19.49
117.430;1437.68;-19.43
117.450;1437.72;-19.10
117.470;1438.92;-19.29
117.490;1438.50;-18.86
117.510;1438.12;-20.52
117.530;1437.40;-19.18
117.550;1438.39;-19.40
117.570;1438.88;-18.39
117.590;1437.61;-19.72
117.610;1437.16;-20.29
117.630;1437.40;-19.72
117.650;1437.80;-19.10
117.670;1436.88;-21.05
117.690;1437.05;-20.20
117.710;1435.57;-20.55
117.730;1437.33;-18.51
117.750;1435.93;-20.35
117.770;1436.32;-21.20
117.790;1435.93;-19.57
117.810;1435.83;-18.70
117.830;1435.40;-20.62
117.850;1435.52;-18.74
117.870;1437.41;-21.43
117.890;1435.02;-19.79
117.910;1435.31;-18.30
117.930;1434.94;-19.96
117.950;1435.83;-20.31
117.970;1435.07;-19.33
117.990;1433.71;-18.46
118.010;1434.73;-19.88
118.030;1434.44;-18.94
118.050;1435.43;-19.34
118.070;1434.35;-19.02
118.090;1434.10;-19.89
118.110;1434.38;-19.27
118.130;1433.39;-18.02
118.150;1433.46;-19.12
118.170;1433.65;-19.49
118.190;1433.95;-19.05
118.210;1432.73;-20.19
118.230;1432.80;-20.00
118.250;1433.33;-20.23
118.270;1432.77;-20.59
118.290;1432.64;-17.98
118.310;1431.40;-19.32
118.330;1432.61;-19.71
118.350;1431.14;-21.07
118.370;1432.42;-20.76
118.390;1431.86;-19.31
118.410;1431.95;-19.28
118.430;1432.89;-19.90
118.450;1430.81;-19.86
118.470;1431.55;-19.16
118.490;1431.46;-19.09
118.510;1431.88;-18.51
118.530;1432.13;-19.43
118.550;1430.57;-17.86
118.570;1431.33;-19.19
118.590;1430.54;-19.56
118.610;1430.64;-20.37
118.630;1430.34;-18.26
118.650;1431.17;-20.07
118.670;1429.55;-19.49
118.690;1430.36;-20.19
118.710;1428.62;-18.75
118.730;1429.45;-19.17
118.750;1429.41;-19.98
118.770;1430.37;-18.82
118.790;1430.06;-19.50
118.810;1430.19;-19.41
118.830;1429.59;-20.34
118.850;1430.45;-20.78
118.870;1428.70;-18.46
118.890;1429.89;-19.79
118.910;1428.30;-19.31
118.930;1427.85;-18.10
118.950;1428.05;-18.76
118.970;1428.70;-19.59
118.990;1429.14;-20.03
119.010;1428.53;-21.03
119.030;1428.17;-18.60
119.050;1428.25;-19.10
119.070;1427.92;-18.49
119.090;1426.89;-18.90
119.110;1427.62;-19.13
119.130;1426.99;-18.96
119.150;1427.63;-19.65
119.170;1427.28;-18.51
119.190;1425.73;-19.43
119.210;1427.00;-18.53
119.230;1426.18;-19.25
119.250;1426.25;-19.22
119.270;1425.26;-19.26
119.290;1425.94;-18.52
119.310;1425.53;-18.94
119.330;1425.23;-19.91
119.350;1425.58;-19.47
119.370;1424.71;-18.89
119.390;1426.12;-20.34
119.410;1425.62;-19.91
119.430;1425.07;-18.81
119.450;1425.26;-19.84
119.470;1425.77;-20.74
119.490;1425.22;-19.74
119.510;1425.36;-20.75
119.530;1424.85;-21.03
119.550;1425.31;-18.59
119.570;1424.55;-21.39
119.590;1424.77;-19.40
119.610;1423.96;-20.09
119.630;1423.74;-22.38
119.650;1423.97;-18.99
119.670;1424.30;-20.85
119.690;1423.07;-21.67
119.710;1422.87;-19.42
119.730;1422.80;-21.68
119.750;1423.65;-20.38
119.770;1424.07;-20.40
119.790;1423.13;-19.44
119.810;1422.94;-18.54
119.830;1423.14;-19.79
119.850;1423.21;-21.14
119.870;1422.30;-20.57
119.890;1421.74;-20.07
119.910;1422.55;-18.38
119.930;1420.30;-19.60
119.950;1422.19;-19.51
119.970;1422.26;-19.73
119.990;1421.41;-19.88
120.010;1421.45;-20.54
120.030;1421.76;-21.48
120.050;1420.31;-19.53
120.070;1420.80;-20.83
120.090;1420.23;-20.68
120.110;1421.15;-19.06
120.130;1419.85;-20.77
120.150;1420.39;-18.73
120.170;1420.90;-20.49
120.190;1419.49;-20.80
120.210;1420.57;-20.20
120.230;1419.74;-19.69
120.250;1420.40;-19.33
120.270;1418.91;-21.22
120.290;1419.62;-19.29
120.310;1419.42;-19.93
120.330;1419.18;-20.66
120.350;1419.17;-19.26
120.370;1419.73;-20.03
120.390;1419.24;-19.82
120.410;1418.34;-18.81
120.430;1418.46;-19.69
120.450;1417.49;-20.31
120.470;1418.04;-21.27
120.490;1418.49;-20.05
120.510;1417.65;-19.83
120.530;1417.80;-19.43
120.550;1417.79;-19.03
120.570;1416.58;-19.94
120.590;1417.11;-19.61
120.610;1417.21;-21.04
120.630;1416.82;-19.30
120.650;1417.30;-19.23
120.670;1416.34;-20.70
120.690;1417.64;-20.02
120.710;1416.20;-21.24
120.730;1416.97;-19.97
120.750;1417.17;-18.95
120.770;1416.13;-20.51
120.790;1417.62;-20.37
120.810;1416.96;-19.88
120.830;1415.40;-18.49
120.850;1416.22;-19.49
120.870;1416.18;-19.37
120.890;1416.02;-18.21
120.910;1415.98;-19.60
120.930;1414.94;-20.87
120.950;1415.71;-20.97
120.970;1414.40;-19.66
120.990;1415.55;-19.19
121.010;1413.81;-20.16
121.030;1413.56;-20.58
121.050;1415.99;-19.99
121.070;1414.86;-18.93
121.090;1414.51;-19.88
121.110;1414.54;-20.38
121.130;1414.16;-20.23
121.150;1413.74;-19.40
121.170;1415.16;-19.18
121.190;1412.55;-20.03
121.210;1413.50;-19.40
121.230;1413.80;-20.83
121.250;1414.43;-18.61
121.270;1411.88;-19.53
121.290;1413.71;-20.07
121.310;1414.31;-20.88
121.330;1412.95;-19.39
121.350;1412.97;-18.23
121.370;1412.77;-20.29
121.390;1412.73;-18.91
121.410;1412.22;-20.88
121.430;1412.20;-18.71
121.450;1412.03;-18.70
121.470;1413.11;-20.06
121.490;1412.03;-19.69
121.510;1412.06;-20.16
121.530;1412.01;-19.17
121.550;1411.18;-18.61
121.570;1411.90;-19.00
121.590;1412.04;-20.33
121.610;1410.49;-19.39
121.630;1411.03;-20.33
121.650;1409.81;-19.88
121.670;1411.21;-20.30
121.690;1410.76;-18.96
121.710;1410.69;-19.22
121.730;1409.76;-19.31
121.750;1410.20;-19.27
121.770;1409.52;-19.98
121.790;1409.79;-18.62
121.810;1411.39;-19.49
121.830;1410.35;-19.34
121.850;1409.56;-18.66
121.870;1409.10;-17.85
121.890;1407.86;-18.99
121.910;1409.80;-20.32
121.930;1409.76;-20.26
121.950;1409.24;-20.47
121.970;1409.00;-19.80
121.990;1410.12;-17.76
122.010;1408.17;-19.61
122.030;1408.39;-20.33
122.050;1407.79;-18.45
122.070;1409.18;-19.82
122.090;1407.54;-18.42
122.110;1408.54;-18.37
122.130;1409.02;-19.48
122.150;1408.65;-19.67
122.170;1407.42;-20.37
122.190;1407.25;-19.26
122.210;1406.20;-21.05
122.230;1407.52;-19.14
122.250;1406.32;-20.34
122.270;1408.08;-18.73
122.290;1406.90;-20.13
122.310;1406.29;-18.70
122.330;1406.34;-20.34
122.350;1406.78;-19.52
122.370;1407.22;-19.16
122.390;1406.68;-19.82
122.410;1405.87;-20.26
122.430;1406.37;-19.55
122.450;1405.85;-19.63
122.470;1406.57;-19.77
122.490;1407.27;-20.67
122.510;1406.48;-18.38
122.530;1405.33;-19.49
122.550;1405.63;-19.28
122.570;1405.32;-17.66
122.590;1404.26;-18.93
122.610;1405.61;-20.47
122.630;1404.98;-19.78
122.650;1405.04;-18.69
122.670;1404.47;-19.32
122.690;1403.10;-18.64
122.710;1404.24;-20.39
122.730;1405.18;-18.84
122.750;1404.23;-19.44
122.770;1404.04;-19.63
122.790;1404.17;-18.32
122.810;1404.52;-22.90
122.830;1404.22;-18.80
122.850;1403.75;-18.69
122.870;1403.37;-19.55
122.890;1404.20;-19.26
122.910;1402.36;-21.10
122.930;1403.41;-18.50
122.950;1402.28;-20.60
122.970;1402.53;-19.13
122.990;1402.70;-20.81
123.010;1402.15;-20.39
123.030;1400.78;-18.57
123.050;1402.36;-20.64
123.070;1401.54;-19.62
123.090;1401.95;-20.88
123.110;1400.50;-19.71
123.130;1401.54;-18.82
123.150;1402.16;-19.03
123.170;1400.35;-20.34
123.190;1401.20;-21.91
123.210;1400.84;-20.50
123.230;1401.13;-18.87
123.250;1400.18;-18.22
123.270;1400.80;-20.18
123.290;1400.71;-20.19
123.310;1399.84;-19.62
123.330;1401.65;0.87
123.350;1401.92;0.35
123.370;1401.97;0.11
123.390;1400.87;1.12
123.410;1400.02;-1.41
123.430;1400.80;-0.19
123.450;1401.73;1.12
123.470;1399.71;0.51
123.490;1399.42;-0.71
123.510;1402.19;-1.28
123.530;1400.82;0.67
123.550;1402.52;-0.20
123.570;1401.59;-1.39
123.590;1401.33;-0.49
123.610;1401.78;1.32
123.630;1401.68;-0.06
123.650;1402.01;-0.71
123.670;1401.42;-0.23
123.690;1401.42;0.16
123.710;1400.54;0.96
123.730;1400.28;-0.48
123.750;1400.68;-0.25
123.770;1401.00;0.30
123.790;1401.73;-0.90
123.810;1400.86;-0.22
123.830;1400.26;-0.38
123.850;1401.34;0.30
123.870;1399.90;-0.07
123.890;1401.21;-0.50
123.910;1400.34;-1.41
123.930;1401.68;-0.39
123.950;1401.83;-0.02
123.970;1401.25;0.37
123.990;1399.84;-0.78
124.010;1401.12;-0.37
124.030;1401.12;-0.07
124.050;1401.13;0.71
124.070;1402.54;0.79
124.090;1400.67;0.21
124.110;1401.14;-0.74
124.130;1401.16;-0.14
124.150;1402.33;-0.01
124.170;1400.61;-0.25
124.190;1401.46;1.07
124.210;1400.01;-0.33
124.230;1401.22;0.39
124.250;1401.50;-0.99
124.270;1400.07;1.02
124.290;1402.37;-0.91
124.310;1399.96;0.99
124.330;1400.44;0.80
124.350;1400.19;0.13
124.370;1400.25;1.54
124.390;1401.06;0.31
124.410;1400.65;1.11
124.430;1400.47;-0.09
124.450;1401.52;1.10
124.470;1401.70;0.45
124.490;1401.81;-0.28
124.510;1400.84;0.75
124.530;1400.71;-0.11
124.550;1401.46;1.47
124.570;1402.84;0.35
124.590;1400.18;-0.36
124.610;1399.70;-1.27
124.630;1400.42;0.48
124.650;1400.87;-0.69
124.670;1400.14;0.19
124.690;1400.15;1.54
124.710;1400.61;-0.46
124.730;1400.59;-0.65
124.750;1400.91;-0.84
124.770;1401.99;0.19
124.790;1401.22;-0.07
124.810;1400.09;-0.78
124.830;1400.81;0.19
124.850;1401.79;-0.31
124.870;1400.95;0.23
124.890;1400.64;-1.46
124.910;1401.23;0.55
124.930;1401.64;-0.00
124.950;1399.77;-2.95
124.970;1400.08;0.80
124.990;1401.23;1.80
125.010;1401.35;0.52
125.030;1401.55;0.24
125.050;1401.11;0.26
125.070;1402.28;-0.49
125.090;1400.56;1.16
125.110;1400.77;-0.09
125.130;1401.07;-1.07
125.150;1400.44;-0.92
125.170;1401.23;-1.01
125.190;1401.70;-0.26
125.210;1400.46;-0.39
125.230;1401.36;-0.21
125.250;1400.76;-0.82
125.270;1400.55;-0.13
125.290;1401.16;0.01
125.310;1401.96;1.52
125.330;1400.84;-1.46
125.350;1401.05;-1.06
125.370;1400.44;-0.55
125.390;1401.01;0.74
125.410;1401.49;0.52
125.430;1400.66;-1.46
125.450;1401.20;-0.65
125.470;1401.64;0.21
125.490;1401.39;-0.23
125.510;1401.23;-0.03
125.530;1400.56;-0.67
125.550;1400.58;0.61
125.570;1399.78;-1.47
125.590;1400.71;-1.08
125.610;1401.54;-2.35
125.630;1400.39;0.71
125.650;1401.59;0.09
125.670;1400.81;0.25
125.690;1401.11;-0.24
125.710;1401.22;0.17
125.730;1400.43;0.57
125.750;1400.73;-0.36
125.770;1400.62;-1.20
125.790;1402.10;-1.73
125.810;1400.68;0.75
125.830;1401.10;-0.74
125.850;1401.29;0.80
125.870;1400.87;-0.36
125.890;1400.49;-1.54
125.910;1401.09;0.06
125.930;1400.16;-0.36
125.950;1400.82;-1.00
125.970;1401.23;0.15
125.990;1400.55;0.11
126.010;1400.61;0.20
126.030;1401.39;-0.23
126.050;1401.03;0.91
126.070;1401.24;0.25
126.090;1401.68;-0.18
126.110;1400.21;1.47
126.130;1400.67;-0.65
126.150;1400.68;1.04
126.170;1402.28;-0.07
126.190;1400.75;0.12
126.210;1401.53;0.20
126.230;1401.61;1.91
126.250;1400.72;1.15
126.270;1401.45;-0.14
126.290;1400.35;1.05
126.310;1400.44;0.39
126.330;1400.72;-0.38
126.350;1400.50;-0.72
126.370;1401.44;-0.16
126.390;1400.90;1.00
126.410;1400.03;0.66
126.430;1401.37;0.41
126.450;1401.05;0.68
126.470;1400.97;-0.21
126.490;1400.34;0.88
126.510;1400.98;-0.69
126.530;1401.91;-0.08
126.550;1399.61;0.09
126.570;1401.09;0.34
126.590;1400.89;1.30
126.610;1401.02;-0.25
126.630;1399.88;0.08
126.650;1400.72;2.41
126.670;1401.13;-0.53
126.690;1401.82;1.46
126.710;1401.41;-0.83
126.730;1400.70;-0.23
126.750;1401.34;-0.23
126.770;1401.17;-1.36
126.790;1400.73;-0.15
126.810;1400.45;-1.56
126.830;1400.72;0.29
126.850;1400.07;0.29
126.870;1401.77;0.62
126.890;1400.72;-0.41
126.910;1400.32;0.95
126.930;1400.87;-0.43
126.950;1401.21;0.05
126.970;1401.16;-0.43
126.990;1399.69;-0.35
127.010;1401.76;-1.06
127.030;1400.70;-0.19
127.050;1400.63;0.45
127.070;1400.28;-0.62
127.090;1401.81;0.27
127.110;1399.80;0.14
127.130;1401.46;0.82
127.150;1400.59;0.27
127.170;1400.97;-0.49
127.190;1400.13;0.86
127.210;1401.99;1.00
127.230;1401.62;0.57
127.250;1400.57;-0.26
127.270;1401.44;-0.39
127.290;1401.16;1.00
127.310;1401.13;0.28
